serialNumber,timestamp,unitPeriodUsage,typeid
F30200C8,1493564400000,3.89,62
F30200C8,1493565300000,26.34,62
F30200C8,1493566200000,26.25,62
F30200C8,1493567100000,26.28,62
F30200C8,1493568000000,0.56,62
F30200C8,1493568900000,0,62
F30200C8,1493569800000,0,62
F30200C8,1493570700000,16.8,62
F30200C8,1493571600000,26.31,62
F30200C8,1493572500000,26.34,62
F30200C8,1493573400000,9.86,62
F30200C8,1493574300000,0,62
F30200C8,1493575200000,0,62
F30200C8,1493576100000,5.88,62
F30200C8,1493577000000,26.28,62
F30200C8,1493577900000,26.31,62
F30200C8,1493578800000,17.67,62
F30200C8,1493579700000,0,62
F30200C8,1493580600000,0,62
F30200C8,1493581500000,0,62
F30200C8,1493582400000,23.91,62
F30200C8,1493583300000,26.34,62
F30200C8,1493584200000,24.93,62
F30200C8,1493585100000,0,62
F30200C8,1493586000000,0,62
F30200C8,1493586900000,0,62
F30200C8,1493587800000,16.07,62
F30200C8,1493588700000,26.34,62
F30200C8,1493589600000,26.34,62
F30200C8,1493590500000,24.67,62
F30200C8,1493591400000,25.75,62
F30200C8,1493592300000,26.13,62
F30200C8,1493593200000,26.34,62
F30200C8,1493594100000,26.28,62
F30200C8,1493595000000,26.34,62
F30200C8,1493595900000,25.87,62
F30200C8,1493596800000,25.28,62
F30200C8,1493597700000,26.13,62
F30200C8,1493598600000,3.8,62
F30200C8,1493599500000,0,62
F30200C8,1493600400000,0,62
F30200C8,1493601300000,23.21,62
F30200C8,1493602200000,26.31,62
F30200C8,1493603100000,26.34,62
F30200C8,1493604000000,3.89,62
F30200C8,1493604900000,0,62
F30200C8,1493605800000,0,62
F30200C8,1493606700000,14.46,62
F30200C8,1493607600000,26.28,62
F30200C8,1493608500000,26.22,62
F30200C8,1493609400000,8.25,62
F30200C8,1493610300000,0,62
F30200C8,1493611200000,0,62
F30200C8,1493612100000,7.58,62
F30200C8,1493613000000,26.31,62
F30200C8,1493613900000,26.28,62
F30200C8,1493614800000,14.08,62
F30200C8,1493615700000,0,62
F30200C8,1493616600000,0,62
F30200C8,1493617500000,0.73,62
F30200C8,1493618400000,26.34,62
F30200C8,1493619300000,26.34,62
F30200C8,1493620200000,24.64,62
F30200C8,1493621100000,0,62
F30200C8,1493622000000,14.25,62
F30200C8,1493622900000,26.31,62
F30200C8,1493623800000,26.34,62
F30200C8,1493624700000,14.31,62
F30200C8,1493625600000,0,62
F30200C8,1493626500000,0,62
F30200C8,1493627400000,0,62
F30200C8,1493628300000,2.6,62
F30200C8,1493629200000,22.8,62
F30200C8,1493630100000,20.75,62
F30200C8,1493631000000,26.13,62
F30200C8,1493631900000,16.68,62
F30200C8,1493632800000,0,62
F30200C8,1493633700000,0,62
F30200C8,1493634600000,0,62
F30200C8,1493635500000,7.55,62
F30200C8,1493636400000,26.34,62
F30200C8,1493637300000,26.28,62
F30200C8,1493638200000,26.34,62
F30200C8,1493639100000,19.52,62
F30200C8,1493640000000,0,62
F30200C8,1493640900000,0,62
F30200C8,1493641800000,22.59,62
F30200C8,1493642700000,26.34,62
F30200C8,1493643600000,26.01,62
F30200C8,1493644500000,14.05,62
F30200C8,1493645400000,0,62
F30200C8,1493646300000,0,62
F30200C8,1493647200000,11.06,62
F30200C8,1493648100000,26.16,62
F30200C8,1493649000000,26.31,62
F30200C8,1493649900000,25.46,62
F30200C8,1493650800000,0,62
F30200C8,1493651700000,4.54,62
F30200C8,1493652600000,26.34,62
F30200C8,1493653500000,26.07,62
F30200C8,1493654400000,26.22,62
F30200C8,1493655300000,5.82,62
F30200C8,1493656200000,0,62
F30200C8,1493657100000,0,62
F30200C8,1493658000000,16.12,62
F30200C8,1493658900000,26.1,62
F30200C8,1493659800000,26.34,62
F30200C8,1493660700000,17.73,62
F30200C8,1493661600000,0,62
F30200C8,1493662500000,0,62
F30200C8,1493663400000,9.74,62
F30200C8,1493664300000,26.34,62
F30200C8,1493665200000,26.34,62
F30200C8,1493666100000,16.56,62
F30200C8,1493667000000,0,62
F30200C8,1493667900000,0,62
F30200C8,1493668800000,2.25,62
F30200C8,1493669700000,26.25,62
F30200C8,1493670600000,26.31,62
F30200C8,1493671500000,26.34,62
F30200C8,1493672400000,7.81,62
F30200C8,1493673300000,0,62
F30200C8,1493674200000,0,62
F30200C8,1493675100000,14.37,62
F30200C8,1493676000000,26.19,62
F30200C8,1493676900000,24.29,62
F30200C8,1493677800000,24.11,62
F30200C8,1493678700000,0,62
F30200C8,1493679600000,0,62
F30200C8,1493680500000,4.62,62
F30200C8,1493681400000,26.22,62
F30200C8,1493682300000,26.31,62
F30200C8,1493683200000,9.51,62
F30200C8,1493684100000,0,62
F30200C8,1493685000000,0,62
F30200C8,1493685900000,25.31,62
F30200C8,1493686800000,26.34,62
F30200C8,1493687700000,16.42,62
F30200C8,1493688600000,13.29,62
F30200C8,1493689500000,26.34,62
F30200C8,1493690400000,26.34,62
F30200C8,1493691300000,15.95,62
F30200C8,1493692200000,0,62
F30200C8,1493693100000,13.64,62
F30200C8,1493694000000,26.31,62
F30200C8,1493694900000,24.81,62
F30200C8,1493695800000,22.68,62
F30200C8,1493696700000,26.28,62
F30200C8,1493697600000,26.16,62
F30200C8,1493698500000,26.34,62
F30200C8,1493699400000,26.31,62
F30200C8,1493700300000,26.34,62
F30200C8,1493701200000,26.34,62
F30200C8,1493702100000,22.94,62
F30200C8,1493703000000,0,62
F30200C8,1493703900000,0,62
F30200C8,1493704800000,24.26,62
F30200C8,1493705700000,26.34,62
F30200C8,1493706600000,26.25,62
F30200C8,1493707500000,0.88,62
F30200C8,1493708400000,2.05,62
F30200C8,1493709300000,26.34,62
F30200C8,1493710200000,26.25,62
F30200C8,1493711100000,26.34,62
F30200C8,1493712000000,25.43,62
F30200C8,1493712900000,0,62
F30200C8,1493713800000,0,62
F30200C8,1493714700000,12.2,62
F30200C8,1493715600000,20.92,62
F30200C8,1493716500000,26.34,62
F30200C8,1493717400000,18.35,62
F30200C8,1493718300000,0,62
F30200C8,1493719200000,0,62
F30200C8,1493720100000,10.8,62
F30200C8,1493721000000,26.31,62
F30200C8,1493721900000,26.25,62
F30200C8,1493722800000,25.6,62
F30200C8,1493723700000,0,62
F30200C8,1493724600000,0,62
F30200C8,1493725500000,19.34,62
F30200C8,1493726400000,26.34,62
F30200C8,1493727300000,26.28,62
F30200C8,1493728200000,2.69,62
F30200C8,1493729100000,0,62
F30200C8,1493730000000,13.58,62
F30200C8,1493730900000,26.28,62
F30200C8,1493731800000,26.25,62
F30200C8,1493732700000,4.39,62
F30200C8,1493733600000,0,62
F30200C8,1493734500000,0,62
F30200C8,1493735400000,2.58,62
F30200C8,1493736300000,25.99,62
F30200C8,1493737200000,11,62
F30200C8,1493738100000,26.25,62
F30200C8,1493739000000,26.07,62
F30200C8,1493739900000,25.66,62
F30200C8,1493740800000,0,62
F30200C8,1493741700000,0,62
F30200C8,1493742600000,0,62
F30200C8,1493743500000,25.84,62
F30200C8,1493744400000,26.31,62
F30200C8,1493745300000,26.19,62
F30200C8,1493746200000,10.65,62
F30200C8,1493747100000,0,62
F30200C8,1493748000000,0,62
F30200C8,1493748900000,14.78,62
F30200C8,1493749800000,26.34,62
F30200C8,1493750700000,26.34,62
F30200C8,1493751600000,21.54,62
F30200C8,1493752500000,0,62
F30200C8,1493753400000,0,62
F30200C8,1493754300000,0,62
F30200C8,1493755200000,7.61,62
F30200C8,1493756100000,26.28,62
F30200C8,1493757000000,26.34,62
F30200C8,1493757900000,6.09,62
F30200C8,1493758800000,0,62
F30200C8,1493759700000,0,62
F30200C8,1493760600000,14.4,62
F30200C8,1493761500000,26.34,62
F30200C8,1493762400000,26.34,62
F30200C8,1493763300000,25.31,62
F30200C8,1493764200000,0,62
F30200C8,1493765100000,0,62
F30200C8,1493766000000,6.76,62
F30200C8,1493766900000,26.19,62
F30200C8,1493767800000,26.28,62
F30200C8,1493768700000,14.1,62
F30200C8,1493769600000,0,62
F30200C8,1493770500000,0,62
F30200C8,1493771400000,25.34,62
F30200C8,1493772300000,26.31,62
F30200C8,1493773200000,7.55,62
F30200C8,1493774100000,0,62
F30200C8,1493775000000,20.86,62
F30200C8,1493775900000,26.31,62
F30200C8,1493776800000,25.2,62
F30200C8,1493777700000,0,62
F30200C8,1493778600000,0,62
F30200C8,1493779500000,25.6,62
F30200C8,1493780400000,26.34,62
F30200C8,1493781300000,8.87,62
F30200C8,1493782200000,0,62
F30200C8,1493783100000,4.51,62
F30200C8,1493784000000,26.34,62
F30200C8,1493784900000,26.34,62
F30200C8,1493785800000,1.17,62
F30200C8,1493786700000,0,62
F30200C8,1493787600000,11.82,62
F30200C8,1493788500000,26.28,62
F30200C8,1493789400000,19.87,62
F30200C8,1493790300000,0,62
F30200C8,1493791200000,0,62
F30200C8,1493792100000,20.25,62
F30200C8,1493793000000,26.34,62
F30200C8,1493793900000,13.26,62
F30200C8,1493794800000,0,62
F30200C8,1493795700000,26.07,62
F30200C8,1493796600000,26.28,62
F30200C8,1493797500000,25.96,62
F30200C8,1493798400000,25.69,62
F30200C8,1493799300000,25.28,62
F30200C8,1493800200000,0,62
F30200C8,1493801100000,22.74,62
F30200C8,1493802000000,26.34,62
F30200C8,1493802900000,26.31,62
F30200C8,1493803800000,26.34,62
F30200C8,1493804700000,26.28,62
F30200C8,1493805600000,26.34,62
F30200C8,1493806500000,26.34,62
F30200C8,1493807400000,26.34,62
F30200C8,1493808300000,26.28,62
F30200C8,1493809200000,26.34,62
F30200C8,1493810100000,26.31,62
F30200C8,1493811000000,26.04,62
F30200C8,1493811900000,26.28,62
F30200C8,1493812800000,26.34,62
F30200C8,1493813700000,26.34,62
F30200C8,1493814600000,26.16,62
F30200C8,1493815500000,3.28,62
F30200C8,1493816400000,0,62
F30200C8,1493817300000,21.8,62
F30200C8,1493818200000,26.34,62
F30200C8,1493819100000,26.25,62
F30200C8,1493820000000,19.9,62
F30200C8,1493820900000,0,62
F30200C8,1493821800000,0,62
F30200C8,1493822700000,10.39,62
F30200C8,1493823600000,26.31,62
F30200C8,1493824500000,4.1,62
F30200C8,1493825400000,0,62
F30200C8,1493826300000,0,62
F30200C8,1493827200000,11.47,62
F30200C8,1493828100000,26.34,62
F30200C8,1493829000000,26.34,62
F30200C8,1493829900000,14.92,62
F30200C8,1493830800000,0,62
F30200C8,1493831700000,0,62
F30200C8,1493832600000,24.67,62
F30200C8,1493833500000,26.28,62
F30200C8,1493834400000,23.7,62
F30200C8,1493835300000,0,62
F30200C8,1493836200000,0,62
F30200C8,1493837100000,12.96,62
F30200C8,1493838000000,26.34,62
F30200C8,1493838900000,26.34,62
F30200C8,1493839800000,6.88,62
F30200C8,1493840700000,0,62
F30200C8,1493841600000,0.56,62
F30200C8,1493842500000,26.31,62
F30200C8,1493843400000,26.34,62
F30200C8,1493844300000,15.25,62
F30200C8,1493845200000,0,62
F30200C8,1493846100000,0,62
F30200C8,1493847000000,6.61,62
F30200C8,1493847900000,26.28,62
F30200C8,1493848800000,20.72,62
F30200C8,1493849700000,22.33,62
F30200C8,1493850600000,13.02,62
F30200C8,1493851500000,0,62
F30200C8,1493852400000,0,62
F30200C8,1493853300000,26.34,62
F30200C8,1493854200000,26.28,62
F30200C8,1493855100000,26.34,62
F30200C8,1493856000000,10.01,62
F30200C8,1493856900000,0,62
F30200C8,1493857800000,5.68,62
F30200C8,1493858700000,26.19,62
F30200C8,1493859600000,26.34,62
F30200C8,1493860500000,16.18,62
F30200C8,1493861400000,0,62
F30200C8,1493862300000,18.85,62
F30200C8,1493863200000,26.31,62
F30200C8,1493864100000,26.34,62
F30200C8,1493865000000,20.98,62
F30200C8,1493865900000,0,62
F30200C8,1493866800000,14.1,62
F30200C8,1493867700000,26.34,62
F30200C8,1493868600000,26.13,62
F30200C8,1493869500000,9.63,62
F30200C8,1493870400000,0,62
F30200C8,1493871300000,8.11,62
F30200C8,1493872200000,26.34,62
F30200C8,1493873100000,26.28,62
F30200C8,1493874000000,12.55,62
F30200C8,1493874900000,0,62
F30200C8,1493875800000,3.95,62
F30200C8,1493876700000,26.28,62
F30200C8,1493877600000,26.31,62
F30200C8,1493878500000,18.64,62
F30200C8,1493879400000,0,62
F30200C8,1493880300000,0,62
F30200C8,1493881200000,24.17,62
F30200C8,1493882100000,26.34,62
F30200C8,1493883000000,17.47,62
F30200C8,1493883900000,0,62
F30200C8,1493884800000,0,62
F30200C8,1493885700000,23.03,62
F30200C8,1493886600000,24.93,62
F30200C8,1493887500000,15.89,62
F30200C8,1493888400000,0,62
F30200C8,1493889300000,0,62
F30200C8,1493890200000,21.89,62
F30200C8,1493891100000,26.28,62
F30200C8,1493892000000,14.98,62
F30200C8,1493892900000,0,62
F30200C8,1493893800000,0,62
F30200C8,1493894700000,19.9,62
F30200C8,1493895600000,26.34,62
F30200C8,1493896500000,19.43,62
F30200C8,1493897400000,0,62
F30200C8,1493898300000,0,62
F30200C8,1493899200000,0,62
F30200C8,1493900100000,9.1,62
F30200C8,1493901000000,26.34,62
F30200C8,1493901900000,26.25,62
F30200C8,1493902800000,26.34,62
F30200C8,1493903700000,0.97,62
F30200C8,1493904600000,0,62
F30200C8,1493905500000,0,62
F30200C8,1493906400000,24.49,62
F30200C8,1493907300000,26.34,62
F30200C8,1493908200000,26.34,62
F30200C8,1493909100000,11.82,62
F30200C8,1493910000000,7.46,62
F30200C8,1493910900000,26.34,62
F30200C8,1493911800000,26.34,62
F30200C8,1493912700000,26.25,62
F30200C8,1493913600000,2.6,62
F30200C8,1493914500000,0,62
F30200C8,1493915400000,0,62
F30200C8,1493916300000,0,62
F30200C8,1493917200000,20.43,62
F30200C8,1493918100000,26.34,62
F30200C8,1493919000000,15.19,62
F30200C8,1493919900000,0,62
F30200C8,1493920800000,0,62
F30200C8,1493921700000,21.13,62
F30200C8,1493922600000,26.34,62
F30200C8,1493923500000,11.94,62
F30200C8,1493924400000,0,62
F30200C8,1493925300000,0,62
F30200C8,1493926200000,18.46,62
F30200C8,1493927100000,26.34,62
F30200C8,1493928000000,10.33,62
F30200C8,1493928900000,0,62
F30200C8,1493929800000,0,62
F30200C8,1493930700000,20.81,62
F30200C8,1493931600000,26.34,62
F30200C8,1493932500000,10.45,62
F30200C8,1493933400000,0,62
F30200C8,1493934300000,0,62
F30200C8,1493935200000,19.61,62
F30200C8,1493936100000,26.25,62
F30200C8,1493937000000,10.59,62
F30200C8,1493937900000,0,62
F30200C8,1493938800000,8.08,62
F30200C8,1493939700000,26.28,62
F30200C8,1493940600000,26.34,62
F30200C8,1493941500000,1.81,62
F30200C8,1493942400000,0,62
F30200C8,1493943300000,3.54,62
F30200C8,1493944200000,26.31,62
F30200C8,1493945100000,26.31,62
F30200C8,1493946000000,3.83,62
F30200C8,1493946900000,0,62
F30200C8,1493947800000,2.17,62
F30200C8,1493948700000,26.34,62
F30200C8,1493949600000,26.34,62
F30200C8,1493950500000,13.69,62
F30200C8,1493951400000,0,62
F30200C8,1493952300000,0,62
F30200C8,1493953200000,21.39,62
F30200C8,1493954100000,26.25,62
F30200C8,1493955000000,14.54,62
F30200C8,1493955900000,0,62
F30200C8,1493956800000,0,62
F30200C8,1493957700000,20.4,62
F30200C8,1493958600000,26.34,62
F30200C8,1493959500000,15.6,62
F30200C8,1493960400000,0,62
F30200C8,1493961300000,0,62
F30200C8,1493962200000,20.13,62
F30200C8,1493963100000,26.34,62
F30200C8,1493964000000,26.34,62
F30200C8,1493964900000,9.89,62
F30200C8,1493965800000,0,62
F30200C8,1493966700000,0,62
F30200C8,1493967600000,0,62
F30200C8,1493968500000,25.75,62
F30200C8,1493969400000,26.31,62
F30200C8,1493970300000,26.34,62
F30200C8,1493971200000,10.56,62
F30200C8,1493972100000,0,62
F30200C8,1493973000000,0,62
F30200C8,1493973900000,3.54,62
F30200C8,1493974800000,26.34,62
F30200C8,1493975700000,26.34,62
F30200C8,1493976600000,26.28,62
F30200C8,1493977500000,6.47,62
F30200C8,1493978400000,0,62
F30200C8,1493979300000,0,62
F30200C8,1493980200000,9.1,62
F30200C8,1493981100000,26.34,62
F30200C8,1493982000000,25.81,62
F30200C8,1493982900000,17.73,62
F30200C8,1493983800000,0,62
F30200C8,1493984700000,0,62
F30200C8,1493985600000,23.23,62
F30200C8,1493986500000,26.34,62
F30200C8,1493987400000,26.28,62
F30200C8,1493988300000,2.19,62
F30200C8,1493989200000,0,62
F30200C8,1493990100000,19.64,62
F30200C8,1493991000000,26.28,62
F30200C8,1493991900000,21.65,62
F30200C8,1493992800000,0,62
F30200C8,1493993700000,0,62
F30200C8,1493994600000,0,62
F30200C8,1493995500000,8.6,62
F30200C8,1493996400000,12.26,62
F30200C8,1493997300000,0,62
F30200C8,1493998200000,0,62
F30200C8,1493999100000,14.25,62
F30200C8,1494000000000,26.31,62
F30200C8,1494000900000,26.19,62
F30200C8,1494001800000,23.38,62
F30200C8,1494002700000,0,62
F30200C8,1494003600000,12.79,62
F30200C8,1494004500000,26.34,62
F30200C8,1494005400000,26.19,62
F30200C8,1494006300000,0,62
F30200C8,1494007200000,0,62
F30200C8,1494008100000,8.98,62
F30200C8,1494009000000,26.04,62
F30200C8,1494009900000,26.34,62
F30200C8,1494010800000,3.04,62
F30200C8,1494011700000,0,62
F30200C8,1494012600000,5.36,62
F30200C8,1494013500000,26.01,62
F30200C8,1494014400000,26.34,62
F30200C8,1494015300000,5.94,62
F30200C8,1494016200000,0,62
F30200C8,1494017100000,0,62
F30200C8,1494018000000,0,62
F30200C8,1494018900000,0,62
F30200C8,1494019800000,20.75,62
F30200C8,1494020700000,26.34,62
F30200C8,1494021600000,26.34,62
F30200C8,1494022500000,15.54,62
F30200C8,1494023400000,0,62
F30200C8,1494024300000,0,62
F30200C8,1494025200000,0,62
F30200C8,1494026100000,6,62
F30200C8,1494027000000,26.19,62
F30200C8,1494027900000,25.4,62
F30200C8,1494028800000,26.34,62
F30200C8,1494029700000,5.03,62
F30200C8,1494030600000,0,62
F30200C8,1494031500000,0,62
F30200C8,1494032400000,0,62
F30200C8,1494033300000,20.78,62
F30200C8,1494034200000,26.22,62
F30200C8,1494035100000,26.28,62
F30200C8,1494036000000,4.92,62
F30200C8,1494036900000,0,62
F30200C8,1494037800000,15.48,62
F30200C8,1494038700000,26.28,62
F30200C8,1494039600000,26.34,62
F30200C8,1494040500000,1.99,62
F30200C8,1494041400000,0,62
F30200C8,1494042300000,17.09,62
F30200C8,1494043200000,26.34,62
F30200C8,1494044100000,24.87,62
F30200C8,1494045000000,0,62
F30200C8,1494045900000,0,62
F30200C8,1494046800000,18.67,62
F30200C8,1494047700000,26.28,62
F30200C8,1494048600000,20.95,62
F30200C8,1494049500000,0,62
F30200C8,1494050400000,0,62
F30200C8,1494051300000,21.48,62
F30200C8,1494052200000,26.34,62
F30200C8,1494053100000,16.74,62
F30200C8,1494054000000,0,62
F30200C8,1494054900000,0,62
F30200C8,1494055800000,25.43,62
F30200C8,1494056700000,26.34,62
F30200C8,1494057600000,12.2,62
F30200C8,1494058500000,0,62
F30200C8,1494059400000,0,62
F30200C8,1494060300000,0,62
F30200C8,1494061200000,4.56,62
F30200C8,1494062100000,24.76,62
F30200C8,1494063000000,23.18,62
F30200C8,1494063900000,26.28,62
F30200C8,1494064800000,10.18,62
F30200C8,1494065700000,0,62
F30200C8,1494066600000,0,62
F30200C8,1494067500000,7.49,62
F30200C8,1494068400000,26.34,62
F30200C8,1494069300000,26.34,62
F30200C8,1494070200000,26.28,62
F30200C8,1494071100000,1.14,62
F30200C8,1494072000000,0,62
F30200C8,1494072900000,0,62
F30200C8,1494073800000,22.94,62
F30200C8,1494074700000,26.28,62
F30200C8,1494075600000,26.34,62
F30200C8,1494076500000,13.43,62
F30200C8,1494077400000,0,62
F30200C8,1494078300000,0,62
F30200C8,1494079200000,12.03,62
F30200C8,1494080100000,26.34,62
F30200C8,1494081000000,26.28,62
F30200C8,1494081900000,24.35,62
F30200C8,1494082800000,21.19,62
F30200C8,1494083700000,26.31,62
F30200C8,1494084600000,22.47,62
F30200C8,1494085500000,0,62
F30200C8,1494086400000,0,62
F30200C8,1494087300000,18.87,62
F30200C8,1494088200000,26.28,62
F30200C8,1494089100000,18.41,62
F30200C8,1494090000000,0,62
F30200C8,1494090900000,0,62
F30200C8,1494091800000,21.36,62
F30200C8,1494092700000,26.34,62
F30200C8,1494093600000,21.54,62
F30200C8,1494094500000,26.34,62
F30200C8,1494095400000,4.33,62
F30200C8,1494096300000,0,62
F30200C8,1494097200000,10.01,62
F30200C8,1494098100000,26.34,62
F30200C8,1494099000000,26.34,62
F30200C8,1494099900000,10.8,62
F30200C8,1494100800000,0,62
F30200C8,1494101700000,1.87,62
F30200C8,1494102600000,26.34,62
F30200C8,1494103500000,26.34,62
F30200C8,1494104400000,11.76,62
F30200C8,1494105300000,0,62
F30200C8,1494106200000,0,62
F30200C8,1494107100000,24.49,62
F30200C8,1494108000000,26.25,62
F30200C8,1494108900000,11.97,62
F30200C8,1494109800000,0,62
F30200C8,1494110700000,0,62
F30200C8,1494111600000,11.32,62
F30200C8,1494112500000,26.34,62
F30200C8,1494113400000,26.31,62
F30200C8,1494114300000,24.99,62
F30200C8,1494115200000,0,62
F30200C8,1494116100000,0,62
F30200C8,1494117000000,26.28,62
F30200C8,1494117900000,26.34,62
F30200C8,1494118800000,26.28,62
F30200C8,1494119700000,12.03,62
F30200C8,1494120600000,0,62
F30200C8,1494121500000,0,62
F30200C8,1494122400000,24.7,62
F30200C8,1494123300000,26.34,62
F30200C8,1494124200000,14.08,62
F30200C8,1494125100000,0,62
F30200C8,1494126000000,0,62
F30200C8,1494126900000,21.27,62
F30200C8,1494127800000,26.34,62
F30200C8,1494128700000,26.31,62
F30200C8,1494129600000,26.28,62
F30200C8,1494130500000,26.34,62
F30200C8,1494131400000,26.34,62
F30200C8,1494132300000,26.31,62
F30200C8,1494133200000,26.28,62
F30200C8,1494134100000,17.91,62
F30200C8,1494135000000,0,62
F30200C8,1494135900000,15.63,62
F30200C8,1494136800000,26.28,62
F30200C8,1494137700000,26.13,62
F30200C8,1494138600000,0,62
F30200C8,1494139500000,0,62
F30200C8,1494140400000,10.94,62
F30200C8,1494141300000,26.31,62
F30200C8,1494142200000,26.34,62
F30200C8,1494143100000,1.29,62
F30200C8,1494144000000,0,62
F30200C8,1494144900000,9.36,62
F30200C8,1494145800000,26.34,62
F30200C8,1494146700000,26.31,62
F30200C8,1494147600000,2.08,62
F30200C8,1494148500000,0,62
F30200C8,1494149400000,6.94,62
F30200C8,1494150300000,26.34,62
F30200C8,1494151200000,26.28,62
F30200C8,1494152100000,3.45,62
F30200C8,1494153000000,0,62
F30200C8,1494153900000,4.45,62
F30200C8,1494154800000,26.25,62
F30200C8,1494155700000,26.34,62
F30200C8,1494156600000,26.31,62
F30200C8,1494157500000,26.34,62
F30200C8,1494158400000,26.28,62
F30200C8,1494159300000,26.34,62
F30200C8,1494160200000,26.34,62
F30200C8,1494161100000,26.34,62
F30200C8,1494162000000,26.25,62
F30200C8,1494162900000,26.34,62
F30200C8,1494163800000,9.66,62
F30200C8,1494164700000,0,62
F30200C8,1494165600000,23.21,62
F30200C8,1494166500000,26.34,62
F30200C8,1494167400000,26.34,62
F30200C8,1494168300000,21.19,62
F30200C8,1494169200000,0,62
F30200C8,1494170100000,2.43,62
F30200C8,1494171000000,26.25,62
F30200C8,1494171900000,26.34,62
F30200C8,1494172800000,26.28,62
F30200C8,1494173700000,5.44,62
F30200C8,1494174600000,0,62
F30200C8,1494175500000,9.01,62
F30200C8,1494176400000,26.28,62
F30200C8,1494177300000,26.34,62
F30200C8,1494178200000,26.34,62
F30200C8,1494179100000,26.34,62
F30200C8,1494180000000,26.28,62
F30200C8,1494180900000,26.34,62
F30200C8,1494181800000,26.34,62
F30200C8,1494182700000,26.34,62
F30200C8,1494183600000,14.16,62
F30200C8,1494184500000,0,62
F30200C8,1494185400000,8.93,62
F30200C8,1494186300000,26.34,62
F30200C8,1494187200000,26.22,62
F30200C8,1494188100000,6.53,62
F30200C8,1494189000000,0,62
F30200C8,1494189900000,0,62
F30200C8,1494190800000,22.18,62
F30200C8,1494191700000,26.22,62
F30200C8,1494192600000,16.07,62
F30200C8,1494193500000,0,62
F30200C8,1494194400000,0,62
F30200C8,1494195300000,9.98,62
F30200C8,1494196200000,26.34,62
F30200C8,1494197100000,26.34,62
F30200C8,1494198000000,1.46,62
F30200C8,1494198900000,0,62
F30200C8,1494199800000,7.81,62
F30200C8,1494200700000,26.34,62
F30200C8,1494201600000,26.31,62
F30200C8,1494202500000,26.31,62
F30200C8,1494203400000,2.19,62
F30200C8,1494204300000,6.55,62
F30200C8,1494205200000,26.28,62
F30200C8,1494206100000,26.34,62
F30200C8,1494207000000,26.34,62
F30200C8,1494207900000,26.34,62
F30200C8,1494208800000,13.31,62
F30200C8,1494209700000,0,62
F30200C8,1494210600000,9.28,62
F30200C8,1494211500000,26.34,62
F30200C8,1494212400000,26.28,62
F30200C8,1494213300000,26.31,62
F30200C8,1494214200000,14.6,62
F30200C8,1494215100000,0,62
F30200C8,1494216000000,0,62
F30200C8,1494216900000,20.45,62
F30200C8,1494217800000,26.34,62
F30200C8,1494218700000,25.25,62
F30200C8,1494219600000,0,62
F30200C8,1494220500000,0,62
F30200C8,1494221400000,4.86,62
F30200C8,1494222300000,24.35,62
F30200C8,1494223200000,26.28,62
F30200C8,1494224100000,12.17,62
F30200C8,1494225000000,0,62
F30200C8,1494225900000,0,62
F30200C8,1494226800000,18.38,62
F30200C8,1494227700000,26.34,62
F30200C8,1494228600000,23.29,62
F30200C8,1494229500000,0,62
F30200C8,1494230400000,0,62
F30200C8,1494231300000,8.11,62
F30200C8,1494232200000,26.34,62
F30200C8,1494233100000,26.22,62
F30200C8,1494234000000,26.28,62
F30200C8,1494234900000,25.6,62
F30200C8,1494235800000,15.51,62
F30200C8,1494236700000,24.87,62
F30200C8,1494237600000,26.34,62
F30200C8,1494238500000,26.34,62
F30200C8,1494239400000,26.34,62
F30200C8,1494240300000,3.8,62
F30200C8,1494241200000,0,62
F30200C8,1494242100000,17.26,62
F30200C8,1494243000000,26.34,62
F30200C8,1494243900000,26.19,62
F30200C8,1494244800000,4.24,62
F30200C8,1494245700000,0,62
F30200C8,1494246600000,0,62
F30200C8,1494247500000,5.97,62
F30200C8,1494248400000,26.34,62
F30200C8,1494249300000,26.34,62
F30200C8,1494250200000,26.34,62
F30200C8,1494251100000,4.01,62
F30200C8,1494252000000,0,62
F30200C8,1494252900000,0,62
F30200C8,1494253800000,19.81,62
F30200C8,1494254700000,26.04,62
F30200C8,1494255600000,13.26,62
F30200C8,1494256500000,0,62
F30200C8,1494257400000,0,62
F30200C8,1494258300000,0,62
F30200C8,1494259200000,25.66,62
F30200C8,1494260100000,26.34,62
F30200C8,1494261000000,24.23,62
F30200C8,1494261900000,0,62
F30200C8,1494262800000,0,62
F30200C8,1494263700000,14.48,62
F30200C8,1494264600000,26.13,62
F30200C8,1494265500000,26.34,62
F30200C8,1494266400000,3.77,62
F30200C8,1494267300000,0,62
F30200C8,1494268200000,5.62,62
F30200C8,1494269100000,26.34,62
F30200C8,1494270000000,26.28,62
F30200C8,1494270900000,10.36,62
F30200C8,1494271800000,0,62
F30200C8,1494272700000,0,62
F30200C8,1494273600000,23.91,62
F30200C8,1494274500000,26.34,62
F30200C8,1494275400000,16.39,62
F30200C8,1494276300000,0,62
F30200C8,1494277200000,0,62
F30200C8,1494278100000,17,62
F30200C8,1494279000000,26.34,62
F30200C8,1494279900000,26.31,62
F30200C8,1494280800000,26.34,62
F30200C8,1494281700000,26.07,62
F30200C8,1494282600000,26.25,62
F30200C8,1494283500000,26.34,62
F30200C8,1494284400000,26.34,62
F30200C8,1494285300000,26.25,62
F30200C8,1494286200000,26.25,62
F30200C8,1494287100000,25.14,62
F30200C8,1494288000000,11.76,62
F30200C8,1494288900000,1.67,62
F30200C8,1494289800000,26.34,62
F30200C8,1494290700000,26.34,62
F30200C8,1494291600000,26.34,62
F30200C8,1494292500000,12.76,62
F30200C8,1494293400000,0,62
F30200C8,1494294300000,0.09,62
F30200C8,1494295200000,26.34,62
F30200C8,1494296100000,26.25,62
F30200C8,1494297000000,26.34,62
F30200C8,1494297900000,9.95,62
F30200C8,1494298800000,0,62
F30200C8,1494299700000,0,62
F30200C8,1494300600000,24.79,62
F30200C8,1494301500000,26.34,62
F30200C8,1494302400000,26.31,62
F30200C8,1494303300000,11.53,62
F30200C8,1494304200000,0,62
F30200C8,1494305100000,0,62
F30200C8,1494306000000,23.21,62
F30200C8,1494306900000,26.28,62
F30200C8,1494307800000,20.72,62
F30200C8,1494308700000,0,62
F30200C8,1494309600000,0,62
F30200C8,1494310500000,15.1,62
F30200C8,1494311400000,26.34,62
F30200C8,1494312300000,26.34,62
F30200C8,1494313200000,0.53,62
F30200C8,1494314100000,0,62
F30200C8,1494315000000,6.91,62
F30200C8,1494315900000,26.34,62
F30200C8,1494316800000,26.34,62
F30200C8,1494317700000,7.7,62
F30200C8,1494318600000,0,62
F30200C8,1494319500000,0,62
F30200C8,1494320400000,0,62
F30200C8,1494321300000,25.55,62
F30200C8,1494322200000,20.45,62
F30200C8,1494323100000,26.34,62
F30200C8,1494324000000,16.62,62
F30200C8,1494324900000,0,62
F30200C8,1494325800000,0,62
F30200C8,1494326700000,15.86,62
F30200C8,1494327600000,26.34,62
F30200C8,1494328500000,26.34,62
F30200C8,1494329400000,26.28,62
F30200C8,1494330300000,26.34,62
F30200C8,1494331200000,26.34,62
F30200C8,1494332100000,26.34,62
F30200C8,1494333000000,26.28,62
F30200C8,1494333900000,26.34,62
F30200C8,1494334800000,26.34,62
F30200C8,1494335700000,1.2,62
F30200C8,1494336600000,0,62
F30200C8,1494337500000,5.97,62
F30200C8,1494338400000,26.28,62
F30200C8,1494339300000,26.22,62
F30200C8,1494340200000,15.8,62
F30200C8,1494341100000,0,62
F30200C8,1494342000000,25.14,62
F30200C8,1494342900000,26.34,62
F30200C8,1494343800000,26.28,62
F30200C8,1494344700000,11.24,62
F30200C8,1494345600000,0,62
F30200C8,1494346500000,0,62
F30200C8,1494347400000,0.64,62
F30200C8,1494348300000,26.1,62
F30200C8,1494349200000,26.19,62
F30200C8,1494350100000,25.99,62
F30200C8,1494351000000,0,62
F30200C8,1494351900000,0,62
F30200C8,1494352800000,0,62
F30200C8,1494353700000,24.02,62
F30200C8,1494354600000,26.34,62
F30200C8,1494355500000,15.54,62
F30200C8,1494356400000,0,62
F30200C8,1494357300000,0,62
F30200C8,1494358200000,8.22,62
F30200C8,1494359100000,26.34,62
F30200C8,1494360000000,26.28,62
F30200C8,1494360900000,4.59,62
F30200C8,1494361800000,0,62
F30200C8,1494362700000,0,62
F30200C8,1494363600000,0,62
F30200C8,1494364500000,0,62
F30200C8,1494365400000,20.75,62
F30200C8,1494366300000,26.31,62
F30200C8,1494367200000,26.25,62
F30200C8,1494368100000,15.66,62
F30200C8,1494369000000,0,62
F30200C8,1494369900000,0,62
F30200C8,1494370800000,0,62
F30200C8,1494371700000,6.99,62
F30200C8,1494372600000,26.34,62
F30200C8,1494373500000,26.34,62
F30200C8,1494374400000,26.34,62
F30200C8,1494375300000,22.68,62
F30200C8,1494376200000,0,62
F30200C8,1494377100000,0,62
F30200C8,1494378000000,12.82,62
F30200C8,1494378900000,26.28,62
F30200C8,1494379800000,26.31,62
F30200C8,1494380700000,13.58,62
F30200C8,1494381600000,0,62
F30200C8,1494382500000,8.25,62
F30200C8,1494383400000,26.34,62
F30200C8,1494384300000,26.31,62
F30200C8,1494385200000,26.34,62
F30200C8,1494386100000,1.73,62
F30200C8,1494387000000,3.77,62
F30200C8,1494387900000,26.34,62
F30200C8,1494388800000,26.34,62
F30200C8,1494389700000,24.93,62
F30200C8,1494390600000,0,62
F30200C8,1494391500000,0,62
F30200C8,1494392400000,7.34,62
F30200C8,1494393300000,26.16,62
F30200C8,1494394200000,26.34,62
F30200C8,1494395100000,7.29,62
F30200C8,1494396000000,0,62
F30200C8,1494396900000,0,62
F30200C8,1494397800000,20.43,62
F30200C8,1494398700000,26.31,62
F30200C8,1494399600000,18.73,62
F30200C8,1494400500000,0,62
F30200C8,1494401400000,0,62
F30200C8,1494402300000,7.81,62
F30200C8,1494403200000,26.34,62
F30200C8,1494404100000,26.22,62
F30200C8,1494405000000,5.62,62
F30200C8,1494405900000,0,62
F30200C8,1494406800000,0,62
F30200C8,1494407700000,19.25,62
F30200C8,1494408600000,26.31,62
F30200C8,1494409500000,18.49,62
F30200C8,1494410400000,0,62
F30200C8,1494411300000,0,62
F30200C8,1494412200000,5.68,62
F30200C8,1494413100000,26.34,62
F30200C8,1494414000000,26.34,62
F30200C8,1494414900000,5.41,62
F30200C8,1494415800000,0,62
F30200C8,1494416700000,0,62
F30200C8,1494417600000,18.29,62
F30200C8,1494418500000,26.28,62
F30200C8,1494419400000,19.9,62
F30200C8,1494420300000,0,62
F30200C8,1494421200000,0,62
F30200C8,1494422100000,1.93,62
F30200C8,1494423000000,26.34,62
F30200C8,1494423900000,26.31,62
F30200C8,1494424800000,8.81,62
F30200C8,1494425700000,0,62
F30200C8,1494426600000,0,62
F30200C8,1494427500000,0,62
F30200C8,1494428400000,26.22,62
F30200C8,1494429300000,15.25,62
F30200C8,1494430200000,0,62
F30200C8,1494431100000,0,62
F30200C8,1494432000000,0,62
F30200C8,1494432900000,7.61,62
F30200C8,1494433800000,26.28,62
F30200C8,1494434700000,26.34,62
F30200C8,1494435600000,3.22,62
F30200C8,1494436500000,0,62
F30200C8,1494437400000,0,62
F30200C8,1494438300000,23.12,62
F30200C8,1494439200000,26.34,62
F30200C8,1494440100000,13.46,62
F30200C8,1494441000000,0,62
F30200C8,1494441900000,0,62
F30200C8,1494442800000,12.5,62
F30200C8,1494443700000,26.28,62
F30200C8,1494444600000,24.38,62
F30200C8,1494445500000,0,62
F30200C8,1494446400000,0,62
F30200C8,1494447300000,0.2,62
F30200C8,1494448200000,26.31,62
F30200C8,1494449100000,26.34,62
F30200C8,1494450000000,26.34,62
F30200C8,1494450900000,9.77,62
F30200C8,1494451800000,0,62
F30200C8,1494452700000,14.22,62
F30200C8,1494453600000,26.34,62
F30200C8,1494454500000,21.92,62
F30200C8,1494455400000,0,62
F30200C8,1494456300000,0,62
F30200C8,1494457200000,4.36,62
F30200C8,1494458100000,26.22,62
F30200C8,1494459000000,26.28,62
F30200C8,1494459900000,26.28,62
F30200C8,1494460800000,5.82,62
F30200C8,1494461700000,0,62
F30200C8,1494462600000,20.51,62
F30200C8,1494463500000,26.28,62
F30200C8,1494464400000,20.02,62
F30200C8,1494465300000,0,62
F30200C8,1494466200000,0,62
F30200C8,1494467100000,9.04,62
F30200C8,1494468000000,26.34,62
F30200C8,1494468900000,26.25,62
F30200C8,1494469800000,3.42,62
F30200C8,1494470700000,0,62
F30200C8,1494471600000,0,62
F30200C8,1494472500000,24.61,62
F30200C8,1494473400000,26.34,62
F30200C8,1494474300000,14.31,62
F30200C8,1494475200000,0,62
F30200C8,1494476100000,0,62
F30200C8,1494477000000,12.93,62
F30200C8,1494477900000,26.34,62
F30200C8,1494478800000,24.2,62
F30200C8,1494479700000,0,62
F30200C8,1494480600000,0,62
F30200C8,1494481500000,2.75,62
F30200C8,1494482400000,26.34,62
F30200C8,1494483300000,26.28,62
F30200C8,1494484200000,7.7,62
F30200C8,1494485100000,0,62
F30200C8,1494486000000,0,62
F30200C8,1494486900000,18.64,62
F30200C8,1494487800000,26.34,62
F30200C8,1494488700000,17.73,62
F30200C8,1494489600000,0,62
F30200C8,1494490500000,0,62
F30200C8,1494491400000,7.96,62
F30200C8,1494492300000,26.19,62
F30200C8,1494493200000,26.34,62
F30200C8,1494494100000,2.31,62
F30200C8,1494495000000,0,62
F30200C8,1494495900000,0,62
F30200C8,1494496800000,22.18,62
F30200C8,1494497700000,26.22,62
F30200C8,1494498600000,13.34,62
F30200C8,1494499500000,0,62
F30200C8,1494500400000,0,62
F30200C8,1494501300000,10.65,62
F30200C8,1494502200000,26.34,62
F30200C8,1494503100000,24.55,62
F30200C8,1494504000000,0,62
F30200C8,1494504900000,0,62
F30200C8,1494505800000,0,62
F30200C8,1494506700000,24.67,62
F30200C8,1494507600000,26.31,62
F30200C8,1494508500000,10.07,62
F30200C8,1494509400000,0,62
F30200C8,1494510300000,0,62
F30200C8,1494511200000,11.88,62
F30200C8,1494512100000,26.28,62
F30200C8,1494513000000,22.53,62
F30200C8,1494513900000,0,62
F30200C8,1494514800000,0,62
F30200C8,1494515700000,2.72,62
F30200C8,1494516600000,26.31,62
F30200C8,1494517500000,26.34,62
F30200C8,1494518400000,4.71,62
F30200C8,1494519300000,0,62
F30200C8,1494520200000,0,62
F30200C8,1494521100000,16.07,62
F30200C8,1494522000000,26.34,62
F30200C8,1494522900000,20.48,62
F30200C8,1494523800000,0,62
F30200C8,1494524700000,0,62
F30200C8,1494525600000,0.09,62
F30200C8,1494526500000,25.31,62
F30200C8,1494527400000,26.28,62
F30200C8,1494528300000,9.69,62
F30200C8,1494529200000,0,62
F30200C8,1494530100000,0,62
F30200C8,1494531000000,17.56,62
F30200C8,1494531900000,26.34,62
F30200C8,1494532800000,15.42,62
F30200C8,1494533700000,0,62
F30200C8,1494534600000,0,62
F30200C8,1494535500000,3.63,62
F30200C8,1494536400000,26.34,62
F30200C8,1494537300000,26.31,62
F30200C8,1494538200000,3.16,62
F30200C8,1494539100000,0,62
F30200C8,1494540000000,0,62
F30200C8,1494540900000,0,62
F30200C8,1494541800000,0,62
F30200C8,1494542700000,10.65,62
F30200C8,1494543600000,26.34,62
F30200C8,1494544500000,26.34,62
F30200C8,1494545400000,25.63,62
F30200C8,1494546300000,0,62
F30200C8,1494547200000,0,62
F30200C8,1494548100000,0,62
F30200C8,1494549000000,0,62
F30200C8,1494549900000,17.65,62
F30200C8,1494550800000,26.31,62
F30200C8,1494551700000,19.08,62
F30200C8,1494552600000,0,62
F30200C8,1494553500000,0,62
F30200C8,1494554400000,9.07,62
F30200C8,1494555300000,26.34,62
F30200C8,1494556200000,24.76,62
F30200C8,1494557100000,0,62
F30200C8,1494558000000,0,62
F30200C8,1494558900000,4.71,62
F30200C8,1494559800000,26.34,62
F30200C8,1494560700000,26.28,62
F30200C8,1494561600000,3.01,62
F30200C8,1494562500000,0,62
F30200C8,1494563400000,0.79,62
F30200C8,1494564300000,26.19,62
F30200C8,1494565200000,26.34,62
F30200C8,1494566100000,6.88,62
F30200C8,1494567000000,0,62
F30200C8,1494567900000,0,62
F30200C8,1494568800000,24.23,62
F30200C8,1494569700000,26.34,62
F30200C8,1494570600000,10.68,62
F30200C8,1494571500000,0,62
F30200C8,1494572400000,0,62
F30200C8,1494573300000,20.57,62
F30200C8,1494574200000,26.34,62
F30200C8,1494575100000,12.32,62
F30200C8,1494576000000,0,62
F30200C8,1494576900000,0,62
F30200C8,1494577800000,16.97,62
F30200C8,1494578700000,26.28,62
F30200C8,1494579600000,17.59,62
F30200C8,1494580500000,0,62
F30200C8,1494581400000,0,62
F30200C8,1494582300000,12.64,62
F30200C8,1494583200000,26.34,62
F30200C8,1494584100000,22.94,62
F30200C8,1494585000000,0,62
F30200C8,1494585900000,0,62
F30200C8,1494586800000,5.62,62
F30200C8,1494587700000,26.34,62
F30200C8,1494588600000,25.78,62
F30200C8,1494589500000,1.49,62
F30200C8,1494590400000,0,62
F30200C8,1494591300000,0.41,62
F30200C8,1494592200000,26.34,62
F30200C8,1494593100000,26.22,62
F30200C8,1494594000000,6.41,62
F30200C8,1494594900000,0,62
F30200C8,1494595800000,0,62
F30200C8,1494596700000,21.24,62
F30200C8,1494597600000,26.34,62
F30200C8,1494598500000,12.11,62
F30200C8,1494599400000,0,62
F30200C8,1494600300000,0,62
F30200C8,1494601200000,14.66,62
F30200C8,1494602100000,26.28,62
F30200C8,1494603000000,18.05,62
F30200C8,1494603900000,0,62
F30200C8,1494604800000,0,62
F30200C8,1494605700000,8.08,62
F30200C8,1494606600000,26.22,62
F30200C8,1494607500000,24.05,62
F30200C8,1494608400000,0,62
F30200C8,1494609300000,0,62
F30200C8,1494610200000,1.52,62
F30200C8,1494611100000,26.28,62
F30200C8,1494612000000,26.34,62
F30200C8,1494612900000,3.54,62
F30200C8,1494613800000,0,62
F30200C8,1494614700000,0,62
F30200C8,1494615600000,21.68,62
F30200C8,1494616500000,26.34,62
F30200C8,1494617400000,10.01,62
F30200C8,1494618300000,0,62
F30200C8,1494619200000,0,62
F30200C8,1494620100000,14.19,62
F30200C8,1494621000000,26.34,62
F30200C8,1494621900000,17.73,62
F30200C8,1494622800000,0,62
F30200C8,1494623700000,0,62
F30200C8,1494624600000,5.27,62
F30200C8,1494625500000,26.22,62
F30200C8,1494626400000,26.07,62
F30200C8,1494627300000,0,62
F30200C8,1494628200000,0,62
F30200C8,1494629100000,0,62
F30200C8,1494630000000,22.39,62
F30200C8,1494630900000,26.34,62
F30200C8,1494631800000,8.57,62
F30200C8,1494632700000,0,62
F30200C8,1494633600000,0,62
F30200C8,1494634500000,12.99,62
F30200C8,1494635400000,26.28,62
F30200C8,1494636300000,17.94,62
F30200C8,1494637200000,0,62
F30200C8,1494638100000,0,62
F30200C8,1494639000000,3.28,62
F30200C8,1494639900000,26.34,62
F30200C8,1494640800000,26.34,62
F30200C8,1494641700000,1.43,62
F30200C8,1494642600000,0,62
F30200C8,1494643500000,0,62
F30200C8,1494644400000,18.67,62
F30200C8,1494645300000,26.25,62
F30200C8,1494646200000,11.53,62
F30200C8,1494647100000,0,62
F30200C8,1494648000000,0,62
F30200C8,1494648900000,8.84,62
F30200C8,1494649800000,24.17,62
F30200C8,1494650700000,21.71,62
F30200C8,1494651600000,0,62
F30200C8,1494652500000,0,62
F30200C8,1494653400000,0,62
F30200C8,1494654300000,24.38,62
F30200C8,1494655200000,26.22,62
F30200C8,1494656100000,5.62,62
F30200C8,1494657000000,0,62
F30200C8,1494657900000,0,62
F30200C8,1494658800000,14.4,62
F30200C8,1494659700000,26.34,62
F30200C8,1494660600000,20.6,62
F30200C8,1494661500000,0,62
F30200C8,1494662400000,0,62
F30200C8,1494663300000,0,62
F30200C8,1494664200000,25.72,62
F30200C8,1494665100000,26.34,62
F30200C8,1494666000000,6.7,62
F30200C8,1494666900000,0,62
F30200C8,1494667800000,0,62
F30200C8,1494668700000,11.82,62
F30200C8,1494669600000,26.34,62
F30200C8,1494670500000,19.75,62
F30200C8,1494671400000,0,62
F30200C8,1494672300000,0,62
F30200C8,1494673200000,0,62
F30200C8,1494674100000,23.94,62
F30200C8,1494675000000,26.25,62
F30200C8,1494675900000,7.78,62
F30200C8,1494676800000,0,62
F30200C8,1494677700000,0,62
F30200C8,1494678600000,13.58,62
F30200C8,1494679500000,26.28,62
F30200C8,1494680400000,15.13,62
F30200C8,1494681300000,0,62
F30200C8,1494682200000,0,62
F30200C8,1494683100000,0,62
F30200C8,1494684000000,2.66,62
F30200C8,1494684900000,26.31,62
F30200C8,1494685800000,26.31,62
F30200C8,1494686700000,26.28,62
F30200C8,1494687600000,26.34,62
F30200C8,1494688500000,8.95,62
F30200C8,1494689400000,0,62
F30200C8,1494690300000,0,62
F30200C8,1494691200000,0,62
F30200C8,1494692100000,13.26,62
F30200C8,1494693000000,26.31,62
F30200C8,1494693900000,19.84,62
F30200C8,1494694800000,0,62
F30200C8,1494695700000,0,62
F30200C8,1494696600000,5.91,62
F30200C8,1494697500000,26.28,62
F30200C8,1494698400000,22.56,62
F30200C8,1494699300000,0,62
F30200C8,1494700200000,0,62
F30200C8,1494701100000,12.23,62
F30200C8,1494702000000,26.34,62
F30200C8,1494702900000,11.03,62
F30200C8,1494703800000,0,62
F30200C8,1494704700000,0,62
F30200C8,1494705600000,0,62
F30200C8,1494706500000,0,62
F30200C8,1494707400000,25.11,62
F30200C8,1494708300000,26.22,62
F30200C8,1494709200000,26.34,62
F30200C8,1494710100000,11.3,62
F30200C8,1494711000000,0,62
F30200C8,1494711900000,0,62
F30200C8,1494712800000,11.59,62
F30200C8,1494713700000,26.34,62
F30200C8,1494714600000,26.34,62
F30200C8,1494715500000,24.7,62
F30200C8,1494716400000,0,62
F30200C8,1494717300000,0,62
F30200C8,1494718200000,0,62
F30200C8,1494719100000,24.49,62
F30200C8,1494720000000,26.34,62
F30200C8,1494720900000,26.34,62
F30200C8,1494721800000,11.79,62
F30200C8,1494722700000,0,62
F30200C8,1494723600000,0,62
F30200C8,1494724500000,11.09,62
F30200C8,1494725400000,26.34,62
F30200C8,1494726300000,26.28,62
F30200C8,1494727200000,25.25,62
F30200C8,1494728100000,0,62
F30200C8,1494729000000,0,62
F30200C8,1494729900000,0,62
F30200C8,1494730800000,24,62
F30200C8,1494731700000,26.34,62
F30200C8,1494732600000,26.34,62
F30200C8,1494733500000,12.29,62
F30200C8,1494734400000,0,62
F30200C8,1494735300000,0,62
F30200C8,1494736200000,10.59,62
F30200C8,1494737100000,26.28,62
F30200C8,1494738000000,26.34,62
F30200C8,1494738900000,25.75,62
F30200C8,1494739800000,0,62
F30200C8,1494740700000,0,62
F30200C8,1494741600000,0,62
F30200C8,1494742500000,21.51,62
F30200C8,1494743400000,26.31,62
F30200C8,1494744300000,26.28,62
F30200C8,1494745200000,14.87,62
F30200C8,1494746100000,0,62
F30200C8,1494747000000,0,62
F30200C8,1494747900000,8.05,62
F30200C8,1494748800000,26.31,62
F30200C8,1494749700000,26.34,62
F30200C8,1494750600000,26.31,62
F30200C8,1494751500000,1.96,62
F30200C8,1494752400000,0,62
F30200C8,1494753300000,0,62
F30200C8,1494754200000,19.49,62
F30200C8,1494755100000,26.34,62
F30200C8,1494756000000,26.31,62
F30200C8,1494756900000,16.83,62
F30200C8,1494757800000,0,62
F30200C8,1494758700000,0,62
F30200C8,1494759600000,3.98,62
F30200C8,1494760500000,26.34,62
F30200C8,1494761400000,26.22,62
F30200C8,1494762300000,26.34,62
F30200C8,1494763200000,6.09,62
F30200C8,1494764100000,0,62
F30200C8,1494765000000,0,62
F30200C8,1494765900000,16.86,62
F30200C8,1494766800000,26.34,62
F30200C8,1494767700000,26.34,62
F30200C8,1494768600000,26.28,62
F30200C8,1494769500000,13.87,62
F30200C8,1494770400000,0,62
F30200C8,1494771300000,6,62
F30200C8,1494772200000,26.25,62
F30200C8,1494773100000,26.22,62
F30200C8,1494774000000,16.5,62
F30200C8,1494774900000,0,62
F30200C8,1494775800000,0,62
F30200C8,1494776700000,2.72,62
F30200C8,1494777600000,26.34,62
F30200C8,1494778500000,26.34,62
F30200C8,1494779400000,26.25,62
F30200C8,1494780300000,1.08,62
F30200C8,1494781200000,0,62
F30200C8,1494782100000,6.29,62
F30200C8,1494783000000,26.25,62
F30200C8,1494783900000,26.34,62
F30200C8,1494784800000,17.85,62
F30200C8,1494785700000,0,62
F30200C8,1494786600000,0,62
F30200C8,1494787500000,12.61,62
F30200C8,1494788400000,26.34,62
F30200C8,1494789300000,26.31,62
F30200C8,1494790200000,7.17,62
F30200C8,1494791100000,0,62
F30200C8,1494792000000,0,62
F30200C8,1494792900000,21.27,62
F30200C8,1494793800000,26.28,62
F30200C8,1494794700000,25.43,62
F30200C8,1494795600000,0,62
F30200C8,1494796500000,0,62
F30200C8,1494797400000,1.26,62
F30200C8,1494798300000,26.31,62
F30200C8,1494799200000,26.34,62
F30200C8,1494800100000,15.8,62
F30200C8,1494801000000,0,62
F30200C8,1494801900000,0,62
F30200C8,1494802800000,0,62
F30200C8,1494803700000,12.35,62
F30200C8,1494804600000,25.84,62
F30200C8,1494805500000,25.69,62
F30200C8,1494806400000,25.08,62
F30200C8,1494807300000,0,62
F30200C8,1494808200000,0,62
F30200C8,1494809100000,0,62
F30200C8,1494810000000,19.4,62
F30200C8,1494810900000,25.69,62
F30200C8,1494811800000,22.56,62
F30200C8,1494812700000,21.3,62
F30200C8,1494813600000,0,62
F30200C8,1494814500000,0,62
F30200C8,1494815400000,0,62
F30200C8,1494816300000,21.86,62
F30200C8,1494817200000,26.28,62
F30200C8,1494818100000,26.34,62
F30200C8,1494819000000,26.28,62
F30200C8,1494819900000,21.42,62
F30200C8,1494820800000,0,62
F30200C8,1494821700000,8.4,62
F30200C8,1494822600000,26.28,62
F30200C8,1494823500000,26.31,62
F30200C8,1494824400000,26.34,62
F30200C8,1494825300000,1.64,62
F30200C8,1494826200000,0,62
F30200C8,1494827100000,0,62
F30200C8,1494828000000,21.22,62
F30200C8,1494828900000,26.34,62
F30200C8,1494829800000,26.22,62
F30200C8,1494830700000,2.02,62
F30200C8,1494831600000,0,62
F30200C8,1494832500000,5.71,62
F30200C8,1494833400000,26.28,62
F30200C8,1494834300000,23.21,62
F30200C8,1494835200000,23.88,62
F30200C8,1494836100000,26.34,62
F30200C8,1494837000000,14.28,62
F30200C8,1494837900000,0,62
F30200C8,1494838800000,0,62
F30200C8,1494839700000,25.52,62
F30200C8,1494840600000,26.31,62
F30200C8,1494841500000,26.25,62
F30200C8,1494842400000,10.89,62
F30200C8,1494843300000,0,62
F30200C8,1494844200000,0,62
F30200C8,1494845100000,2.84,62
F30200C8,1494846000000,26.28,62
F30200C8,1494846900000,22.65,62
F30200C8,1494847800000,24.79,62
F30200C8,1494848700000,22.15,62
F30200C8,1494849600000,0,62
F30200C8,1494850500000,0,62
F30200C8,1494851400000,13.11,62
F30200C8,1494852300000,26.34,62
F30200C8,1494853200000,26.34,62
F30200C8,1494854100000,7.32,62
F30200C8,1494855000000,0,62
F30200C8,1494855900000,0,62
F30200C8,1494856800000,2.25,62
F30200C8,1494857700000,26.34,62
F30200C8,1494858600000,26.28,62
F30200C8,1494859500000,26.34,62
F30200C8,1494860400000,0,62
F30200C8,1494861300000,0,62
F30200C8,1494862200000,18.52,62
F30200C8,1494863100000,26.34,62
F30200C8,1494864000000,24.38,62
F30200C8,1494864900000,0,62
F30200C8,1494865800000,0,62
F30200C8,1494866700000,8.87,62
F30200C8,1494867600000,26.31,62
F30200C8,1494868500000,26.31,62
F30200C8,1494869400000,2.9,62
F30200C8,1494870300000,0,62
F30200C8,1494871200000,1.93,62
F30200C8,1494872100000,26.28,62
F30200C8,1494873000000,26.25,62
F30200C8,1494873900000,7.58,62
F30200C8,1494874800000,0,62
F30200C8,1494875700000,0,62
F30200C8,1494876600000,21.57,62
F30200C8,1494877500000,26.34,62
F30200C8,1494878400000,13.72,62
F30200C8,1494879300000,0,62
F30200C8,1494880200000,0,62
F30200C8,1494881100000,13.26,62
F30200C8,1494882000000,26.31,62
F30200C8,1494882900000,20.43,62
F30200C8,1494883800000,0,62
F30200C8,1494884700000,0,62
F30200C8,1494885600000,6,62
F30200C8,1494886500000,26.34,62
F30200C8,1494887400000,22.03,62
F30200C8,1494888300000,25.49,62
F30200C8,1494889200000,26.34,62
F30200C8,1494890100000,26.34,62
F30200C8,1494891000000,26.34,62
F30200C8,1494891900000,26.28,62
F30200C8,1494892800000,26.22,62
F30200C8,1494893700000,26.31,62
F30200C8,1494894600000,26.34,62
F30200C8,1494895500000,26.22,62
F30200C8,1494896400000,18.05,62
F30200C8,1494897300000,0,62
F30200C8,1494898200000,0,62
F30200C8,1494899100000,14.31,62
F30200C8,1494900000000,26.34,62
F30200C8,1494900900000,26.34,62
F30200C8,1494901800000,12,62
F30200C8,1494902700000,0,62
F30200C8,1494903600000,1.67,62
F30200C8,1494904500000,26.34,62
F30200C8,1494905400000,26.34,62
F30200C8,1494906300000,25.99,62
F30200C8,1494907200000,8.63,62
F30200C8,1494908100000,0,62
F30200C8,1494909000000,15.95,62
F30200C8,1494909900000,26.25,62
F30200C8,1494910800000,25.11,62
F30200C8,1494911700000,26.31,62
F30200C8,1494912600000,26.31,62
F30200C8,1494913500000,26.28,62
F30200C8,1494914400000,26.19,62
F30200C8,1494915300000,26.31,62
F30200C8,1494916200000,25.69,62
F30200C8,1494917100000,0,62
F30200C8,1494918000000,6.73,62
F30200C8,1494918900000,26.34,62
F30200C8,1494919800000,26.34,62
F30200C8,1494920700000,26.28,62
F30200C8,1494921600000,2.31,62
F30200C8,1494922500000,0,62
F30200C8,1494923400000,25.17,62
F30200C8,1494924300000,26.19,62
F30200C8,1494925200000,25.11,62
F30200C8,1494926100000,26.34,62
F30200C8,1494927000000,14.02,62
F30200C8,1494927900000,0,62
F30200C8,1494928800000,13.69,62
F30200C8,1494929700000,26.34,62
F30200C8,1494930600000,26.34,62
F30200C8,1494931500000,26.34,62
F30200C8,1494932400000,7.2,62
F30200C8,1494933300000,0,62
F30200C8,1494934200000,0,62
F30200C8,1494935100000,9.01,62
F30200C8,1494936000000,26.28,62
F30200C8,1494936900000,25.08,62
F30200C8,1494937800000,24.4,62
F30200C8,1494938700000,4.18,62
F30200C8,1494939600000,0,62
F30200C8,1494940500000,0,62
F30200C8,1494941400000,0.88,62
F30200C8,1494942300000,26.34,62
F30200C8,1494943200000,26.34,62
F30200C8,1494944100000,26.34,62
F30200C8,1494945000000,3.72,62
F30200C8,1494945900000,0,62
F30200C8,1494946800000,26.19,62
F30200C8,1494947700000,26.34,62
F30200C8,1494948600000,6.23,62
F30200C8,1494949500000,0,62
F30200C8,1494950400000,0,62
F30200C8,1494951300000,19.23,62
F30200C8,1494952200000,25.69,62
F30200C8,1494953100000,26.19,62
F30200C8,1494954000000,17.88,62
F30200C8,1494954900000,0,62
F30200C8,1494955800000,0,62
F30200C8,1494956700000,7.61,62
F30200C8,1494957600000,26.31,62
F30200C8,1494958500000,26.31,62
F30200C8,1494959400000,26.28,62
F30200C8,1494960300000,2.49,62
F30200C8,1494961200000,0,62
F30200C8,1494962100000,0,62
F30200C8,1494963000000,11.62,62
F30200C8,1494963900000,26.22,62
F30200C8,1494964800000,26.34,62
F30200C8,1494965700000,13.55,62
F30200C8,1494966600000,0,62
F30200C8,1494967500000,0,62
F30200C8,1494968400000,14.02,62
F30200C8,1494969300000,26.34,62
F30200C8,1494970200000,26.34,62
F30200C8,1494971100000,22.94,62
F30200C8,1494972000000,4.8,62
F30200C8,1494972900000,14.02,62
F30200C8,1494973800000,26.34,62
F30200C8,1494974700000,26.28,62
F30200C8,1494975600000,26.34,62
F30200C8,1494976500000,10.71,62
F30200C8,1494977400000,0,62
F30200C8,1494978300000,18.64,62
F30200C8,1494979200000,26.31,62
F30200C8,1494980100000,26.34,62
F30200C8,1494981000000,26.34,62
F30200C8,1494981900000,22.27,62
F30200C8,1494982800000,4.89,62
F30200C8,1494983700000,26.31,62
F30200C8,1494984600000,26.34,62
F30200C8,1494985500000,26.28,62
F30200C8,1494986400000,5.15,62
F30200C8,1494987300000,0,62
F30200C8,1494988200000,17.53,62
F30200C8,1494989100000,26.1,62
F30200C8,1494990000000,26.25,62
F30200C8,1494990900000,19.08,62
F30200C8,1494991800000,0,62
F30200C8,1494992700000,3.51,62
F30200C8,1494993600000,26.34,62
F30200C8,1494994500000,26.25,62
F30200C8,1494995400000,26.34,62
F30200C8,1494996300000,1.35,62
F30200C8,1494997200000,0,62
F30200C8,1494998100000,4.56,62
F30200C8,1494999000000,26.34,62
F30200C8,1494999900000,26.22,62
F30200C8,1495000800000,24.08,62
F30200C8,1495001700000,0,62
F30200C8,1495002600000,0,62
F30200C8,1495003500000,15.54,62
F30200C8,1495004400000,26.31,62
F30200C8,1495005300000,26.34,62
F30200C8,1495006200000,20.78,62
F30200C8,1495007100000,0,62
F30200C8,1495008000000,0.32,62
F30200C8,1495008900000,26.34,62
F30200C8,1495009800000,26.28,62
F30200C8,1495010700000,26.25,62
F30200C8,1495011600000,24.96,62
F30200C8,1495012500000,0,62
F30200C8,1495013400000,0,62
F30200C8,1495014300000,25.58,62
F30200C8,1495015200000,26.34,62
F30200C8,1495016100000,26.34,62
F30200C8,1495017000000,1.2,62
F30200C8,1495017900000,7.87,62
F30200C8,1495018800000,26.34,62
F30200C8,1495019700000,24.11,62
F30200C8,1495020600000,22.97,62
F30200C8,1495021500000,15.92,62
F30200C8,1495022400000,0,62
F30200C8,1495023300000,1.02,62
F30200C8,1495024200000,26.28,62
F30200C8,1495025100000,26.34,62
F30200C8,1495026000000,26.34,62
F30200C8,1495026900000,16.09,62
F30200C8,1495027800000,0,62
F30200C8,1495028700000,0,62
F30200C8,1495029600000,15.45,62
F30200C8,1495030500000,26.34,62
F30200C8,1495031400000,26.28,62
F30200C8,1495032300000,8.05,62
F30200C8,1495033200000,0,62
F30200C8,1495034100000,0,62
F30200C8,1495035000000,20.69,62
F30200C8,1495035900000,26.25,62
F30200C8,1495036800000,26.31,62
F30200C8,1495037700000,0.38,62
F30200C8,1495038600000,0,62
F30200C8,1495039500000,0,62
F30200C8,1495040400000,26.13,62
F30200C8,1495041300000,26.34,62
F30200C8,1495042200000,19.52,62
F30200C8,1495043100000,0,62
F30200C8,1495044000000,0,62
F30200C8,1495044900000,4.16,62
F30200C8,1495045800000,26.25,62
F30200C8,1495046700000,26.34,62
F30200C8,1495047600000,12.67,62
F30200C8,1495048500000,0,62
F30200C8,1495049400000,0,62
F30200C8,1495050300000,9.42,62
F30200C8,1495051200000,26.34,62
F30200C8,1495052100000,26.28,62
F30200C8,1495053000000,7.23,62
F30200C8,1495053900000,0,62
F30200C8,1495054800000,0,62
F30200C8,1495055700000,13.14,62
F30200C8,1495056600000,26.28,62
F30200C8,1495057500000,26.34,62
F30200C8,1495058400000,2.9,62
F30200C8,1495059300000,0,62
F30200C8,1495060200000,11.15,62
F30200C8,1495061100000,24.58,62
F30200C8,1495062000000,26.34,62
F30200C8,1495062900000,26.34,62
F30200C8,1495063800000,0.56,62
F30200C8,1495064700000,8.95,62
F30200C8,1495065600000,25.22,62
F30200C8,1495066500000,26.1,62
F30200C8,1495067400000,26.22,62
F30200C8,1495068300000,26.1,62
F30200C8,1495069200000,12.93,62
F30200C8,1495070100000,0,62
F30200C8,1495071000000,0.73,62
F30200C8,1495071900000,26.28,62
F30200C8,1495072800000,26.28,62
F30200C8,1495073700000,26.25,62
F30200C8,1495074600000,4.1,62
F30200C8,1495075500000,5.82,62
F30200C8,1495076400000,25.08,62
F30200C8,1495077300000,24.87,62
F30200C8,1495078200000,25.72,62
F30200C8,1495079100000,14.25,62
F30200C8,1495080000000,0,62
F30200C8,1495080900000,0,62
F30200C8,1495081800000,17,62
F30200C8,1495082700000,26.34,62
F30200C8,1495083600000,26.22,62
F30200C8,1495084500000,20.34,62
F30200C8,1495085400000,0,62
F30200C8,1495086300000,0,62
F30200C8,1495087200000,6.67,62
F30200C8,1495088100000,26.25,62
F30200C8,1495089000000,26.16,62
F30200C8,1495089900000,26.1,62
F30200C8,1495090800000,4.71,62
F30200C8,1495091700000,0,62
F30200C8,1495092600000,7.84,62
F30200C8,1495093500000,26.34,62
F30200C8,1495094400000,26.22,62
F30200C8,1495095300000,26.34,62
F30200C8,1495096200000,2.22,62
F30200C8,1495097100000,0,62
F30200C8,1495098000000,5.33,62
F30200C8,1495098900000,26.25,62
F30200C8,1495099800000,26.16,62
F30200C8,1495100700000,22.85,62
F30200C8,1495101600000,0,62
F30200C8,1495102500000,0,62
F30200C8,1495103400000,9.72,62
F30200C8,1495104300000,26.34,62
F30200C8,1495105200000,26.28,62
F30200C8,1495106100000,17.47,62
F30200C8,1495107000000,0,62
F30200C8,1495107900000,0,62
F30200C8,1495108800000,16.56,62
F30200C8,1495109700000,21.86,62
F30200C8,1495110600000,24.84,62
F30200C8,1495111500000,25.69,62
F30200C8,1495112400000,0,62
F30200C8,1495113300000,0,62
F30200C8,1495114200000,17.29,62
F30200C8,1495115100000,26.34,62
F30200C8,1495116000000,26.31,62
F30200C8,1495116900000,25.02,62
F30200C8,1495117800000,0,62
F30200C8,1495118700000,0,62
F30200C8,1495119600000,13.2,62
F30200C8,1495120500000,26.34,62
F30200C8,1495121400000,26.28,62
F30200C8,1495122300000,12.76,62
F30200C8,1495123200000,0,62
F30200C8,1495124100000,0,62
F30200C8,1495125000000,17.53,62
F30200C8,1495125900000,26.31,62
F30200C8,1495126800000,26.22,62
F30200C8,1495127700000,3.95,62
F30200C8,1495128600000,0,62
F30200C8,1495129500000,0,62
F30200C8,1495130400000,23.5,62
F30200C8,1495131300000,26.31,62
F30200C8,1495132200000,20.04,62
F30200C8,1495133100000,0,62
F30200C8,1495134000000,0,62
F30200C8,1495134900000,6.12,62
F30200C8,1495135800000,26.25,62
F30200C8,1495136700000,26.34,62
F30200C8,1495137600000,11.7,62
F30200C8,1495138500000,0,62
F30200C8,1495139400000,0,62
F30200C8,1495140300000,11.24,62
F30200C8,1495141200000,26.34,62
F30200C8,1495142100000,26.34,62
F30200C8,1495143000000,4.86,62
F30200C8,1495143900000,5.12,62
F30200C8,1495144800000,23.97,62
F30200C8,1495145700000,26.34,62
F30200C8,1495146600000,26.25,62
F30200C8,1495147500000,26.31,62
F30200C8,1495148400000,17.44,62
F30200C8,1495149300000,0,62
F30200C8,1495150200000,0,62
F30200C8,1495151100000,10.33,62
F30200C8,1495152000000,26.31,62
F30200C8,1495152900000,26.34,62
F30200C8,1495153800000,26.22,62
F30200C8,1495154700000,13.52,62
F30200C8,1495155600000,0,62
F30200C8,1495156500000,0,62
F30200C8,1495157400000,12.85,62
F30200C8,1495158300000,26.34,62
F30200C8,1495159200000,24.2,62
F30200C8,1495160100000,26.34,62
F30200C8,1495161000000,1.7,62
F30200C8,1495161900000,0,62
F30200C8,1495162800000,7.9,62
F30200C8,1495163700000,26.31,62
F30200C8,1495164600000,26.19,62
F30200C8,1495165500000,25.99,62
F30200C8,1495166400000,2.58,62
F30200C8,1495167300000,0,62
F30200C8,1495168200000,4.24,62
F30200C8,1495169100000,26.34,62
F30200C8,1495170000000,26.34,62
F30200C8,1495170900000,26.34,62
F30200C8,1495171800000,5.71,62
F30200C8,1495172700000,0,62
F30200C8,1495173600000,1.4,62
F30200C8,1495174500000,24.81,62
F30200C8,1495175400000,26.34,62
F30200C8,1495176300000,26.28,62
F30200C8,1495177200000,6.88,62
F30200C8,1495178100000,0,62
F30200C8,1495179000000,3.42,62
F30200C8,1495179900000,26.31,62
F30200C8,1495180800000,26.34,62
F30200C8,1495181700000,26.28,62
F30200C8,1495182600000,0.35,62
F30200C8,1495183500000,12.58,62
F30200C8,1495184400000,26.34,62
F30200C8,1495185300000,24.35,62
F30200C8,1495186200000,26.34,62
F30200C8,1495187100000,10.51,62
F30200C8,1495188000000,0,62
F30200C8,1495188900000,0,62
F30200C8,1495189800000,21.6,62
F30200C8,1495190700000,26.34,62
F30200C8,1495191600000,26.34,62
F30200C8,1495192500000,17.12,62
F30200C8,1495193400000,0,62
F30200C8,1495194300000,0,62
F30200C8,1495195200000,11.35,62
F30200C8,1495196100000,26.25,62
F30200C8,1495197000000,26.34,62
F30200C8,1495197900000,19.84,62
F30200C8,1495198800000,0,62
F30200C8,1495199700000,0,62
F30200C8,1495200600000,8.93,62
F30200C8,1495201500000,26.34,62
F30200C8,1495202400000,26.34,62
F30200C8,1495203300000,20.04,62
F30200C8,1495204200000,0,62
F30200C8,1495205100000,0,62
F30200C8,1495206000000,9.16,62
F30200C8,1495206900000,26.28,62
F30200C8,1495207800000,26.34,62
F30200C8,1495208700000,18.58,62
F30200C8,1495209600000,0,62
F30200C8,1495210500000,0,62
F30200C8,1495211400000,9.74,62
F30200C8,1495212300000,26.34,62
F30200C8,1495213200000,26.34,62
F30200C8,1495214100000,16.65,62
F30200C8,1495215000000,0,62
F30200C8,1495215900000,0,62
F30200C8,1495216800000,10.42,62
F30200C8,1495217700000,26.25,62
F30200C8,1495218600000,26.31,62
F30200C8,1495219500000,15.28,62
F30200C8,1495220400000,0,62
F30200C8,1495221300000,0,62
F30200C8,1495222200000,9.86,62
F30200C8,1495223100000,26.34,62
F30200C8,1495224000000,26.28,62
F30200C8,1495224900000,11.97,62
F30200C8,1495225800000,0,62
F30200C8,1495226700000,0,62
F30200C8,1495227600000,12.79,62
F30200C8,1495228500000,26.28,62
F30200C8,1495229400000,26.34,62
F30200C8,1495230300000,8.69,62
F30200C8,1495231200000,0,62
F30200C8,1495232100000,0,62
F30200C8,1495233000000,16.15,62
F30200C8,1495233900000,25.87,62
F30200C8,1495234800000,26.34,62
F30200C8,1495235700000,23.41,62
F30200C8,1495236600000,26.13,62
F30200C8,1495237500000,26.31,62
F30200C8,1495238400000,26.34,62
F30200C8,1495239300000,26.04,62
F30200C8,1495240200000,26.31,62
F30200C8,1495241100000,26.07,62
F30200C8,1495242000000,26.34,62
F30200C8,1495242900000,3.25,62
F30200C8,1495243800000,0,62
F30200C8,1495244700000,15.28,62
F30200C8,1495245600000,26.31,62
F30200C8,1495246500000,26.28,62
F30200C8,1495247400000,18.29,62
F30200C8,1495248300000,0,62
F30200C8,1495249200000,19.96,62
F30200C8,1495250100000,26.34,62
F30200C8,1495251000000,26.34,62
F30200C8,1495251900000,23.64,62
F30200C8,1495252800000,0,62
F30200C8,1495253700000,3.01,62
F30200C8,1495254600000,25.2,62
F30200C8,1495255500000,26.34,62
F30200C8,1495256400000,26.34,62
F30200C8,1495257300000,5.44,62
F30200C8,1495258200000,0,62
F30200C8,1495259100000,0,62
F30200C8,1495260000000,17.41,62
F30200C8,1495260900000,26.19,62
F30200C8,1495261800000,26.34,62
F30200C8,1495262700000,19.05,62
F30200C8,1495263600000,0,62
F30200C8,1495264500000,0,62
F30200C8,1495265400000,6.29,62
F30200C8,1495266300000,21.45,62
F30200C8,1495267200000,26.34,62
F30200C8,1495268100000,26.34,62
F30200C8,1495269000000,8.57,62
F30200C8,1495269900000,0,62
F30200C8,1495270800000,0,62
F30200C8,1495271700000,15.86,62
F30200C8,1495272600000,26.34,62
F30200C8,1495273500000,26.28,62
F30200C8,1495274400000,20.51,62
F30200C8,1495275300000,0,62
F30200C8,1495276200000,0,62
F30200C8,1495277100000,4.97,62
F30200C8,1495278000000,26.34,62
F30200C8,1495278900000,26.28,62
F30200C8,1495279800000,26.34,62
F30200C8,1495280700000,5.06,62
F30200C8,1495281600000,0,62
F30200C8,1495282500000,0,62
F30200C8,1495283400000,20.4,62
F30200C8,1495284300000,26.28,62
F30200C8,1495285200000,26.34,62
F30200C8,1495286100000,15.98,62
F30200C8,1495287000000,0,62
F30200C8,1495287900000,0,62
F30200C8,1495288800000,9.51,62
F30200C8,1495289700000,26.34,62
F30200C8,1495290600000,26.34,62
F30200C8,1495291500000,25.43,62
F30200C8,1495292400000,0,62
F30200C8,1495293300000,14.95,62
F30200C8,1495294200000,26.34,62
F30200C8,1495295100000,26.28,62
F30200C8,1495296000000,26.34,62
F30200C8,1495296900000,20.48,62
F30200C8,1495297800000,0,62
F30200C8,1495298700000,0,62
F30200C8,1495299600000,9.45,62
F30200C8,1495300500000,26.34,62
F30200C8,1495301400000,26.34,62
F30200C8,1495302300000,26.28,62
F30200C8,1495303200000,7.7,62
F30200C8,1495304100000,0,62
F30200C8,1495305000000,0,62
F30200C8,1495305900000,22.82,62
F30200C8,1495306800000,26.34,62
F30200C8,1495307700000,26.34,62
F30200C8,1495308600000,8.11,62
F30200C8,1495309500000,0,62
F30200C8,1495310400000,0,62
F30200C8,1495311300000,19.75,62
F30200C8,1495312200000,26.34,62
F30200C8,1495313100000,26.28,62
F30200C8,1495314000000,11.32,62
F30200C8,1495314900000,0,62
F30200C8,1495315800000,0,62
F30200C8,1495316700000,15.92,62
F30200C8,1495317600000,26.34,62
F30200C8,1495318500000,26.34,62
F30200C8,1495319400000,26.22,62
F30200C8,1495320300000,21.45,62
F30200C8,1495321200000,26.34,62
F30200C8,1495322100000,26.25,62
F30200C8,1495323000000,26.34,62
F30200C8,1495323900000,26.13,62
F30200C8,1495324800000,25.84,62
F30200C8,1495325700000,26.28,62
F30200C8,1495326600000,26.13,62
F30200C8,1495327500000,11.15,62
F30200C8,1495328400000,0,62
F30200C8,1495329300000,15.51,62
F30200C8,1495330200000,26.34,62
F30200C8,1495331100000,26.34,62
F30200C8,1495332000000,26.28,62
F30200C8,1495332900000,26.34,62
F30200C8,1495333800000,26.34,62
F30200C8,1495334700000,26.22,62
F30200C8,1495335600000,26.16,62
F30200C8,1495336500000,26.34,62
F30200C8,1495337400000,19.49,62
F30200C8,1495338300000,0,62
F30200C8,1495339200000,0.67,62
F30200C8,1495340100000,26.34,62
F30200C8,1495341000000,26.34,62
F30200C8,1495341900000,26.34,62
F30200C8,1495342800000,12.32,62
F30200C8,1495343700000,0,62
F30200C8,1495344600000,5,62
F30200C8,1495345500000,26.34,62
F30200C8,1495346400000,26.25,62
F30200C8,1495347300000,26.34,62
F30200C8,1495348200000,0.56,62
F30200C8,1495349100000,0,62
F30200C8,1495350000000,16.07,62
F30200C8,1495350900000,26.34,62
F30200C8,1495351800000,26.34,62
F30200C8,1495352700000,12.82,62
F30200C8,1495353600000,0,62
F30200C8,1495354500000,3.92,62
F30200C8,1495355400000,26.34,62
F30200C8,1495356300000,26.34,62
F30200C8,1495357200000,26.28,62
F30200C8,1495358100000,26.28,62
F30200C8,1495359000000,20.98,62
F30200C8,1495359900000,21.71,62
F30200C8,1495360800000,26.13,62
F30200C8,1495361700000,26.34,62
F30200C8,1495362600000,26.28,62
F30200C8,1495363500000,26.31,62
F30200C8,1495364400000,26.28,62
F30200C8,1495365300000,26.22,62
F30200C8,1495366200000,26.34,62
F30200C8,1495367100000,26.34,62
F30200C8,1495368000000,26.28,62
F30200C8,1495368900000,26.34,62
F30200C8,1495369800000,26.34,62
F30200C8,1495370700000,26.34,62
F30200C8,1495371600000,26.28,62
F30200C8,1495372500000,3.57,62
F30200C8,1495373400000,0,62
F30200C8,1495374300000,19.4,62
F30200C8,1495375200000,26.16,62
F30200C8,1495376100000,26.31,62
F30200C8,1495377000000,16.53,62
F30200C8,1495377900000,0,62
F30200C8,1495378800000,0.64,62
F30200C8,1495379700000,26.34,62
F30200C8,1495380600000,26.34,62
F30200C8,1495381500000,25.11,62
F30200C8,1495382400000,0,62
F30200C8,1495383300000,0,62
F30200C8,1495384200000,18.52,62
F30200C8,1495385100000,26.31,62
F30200C8,1495386000000,26.22,62
F30200C8,1495386900000,7.52,62
F30200C8,1495387800000,0,62
F30200C8,1495388700000,6.73,62
F30200C8,1495389600000,25.4,62
F30200C8,1495390500000,26.31,62
F30200C8,1495391400000,15.89,62
F30200C8,1495392300000,0,62
F30200C8,1495393200000,0,62
F30200C8,1495394100000,24,62
F30200C8,1495395000000,26.34,62
F30200C8,1495395900000,20.63,62
F30200C8,1495396800000,0,62
F30200C8,1495397700000,0,62
F30200C8,1495398600000,18.46,62
F30200C8,1495399500000,26.34,62
F30200C8,1495400400000,24.61,62
F30200C8,1495401300000,0,62
F30200C8,1495402200000,0,62
F30200C8,1495403100000,0,62
F30200C8,1495404000000,1.43,62
F30200C8,1495404900000,23.56,62
F30200C8,1495405800000,26.34,62
F30200C8,1495406700000,26.34,62
F30200C8,1495407600000,11.3,62
F30200C8,1495408500000,0,62
F30200C8,1495409400000,0,62
F30200C8,1495410300000,7.81,62
F30200C8,1495411200000,26.34,62
F30200C8,1495412100000,26.19,62
F30200C8,1495413000000,26.34,62
F30200C8,1495413900000,2.28,62
F30200C8,1495414800000,0,62
F30200C8,1495415700000,0,62
F30200C8,1495416600000,16.97,62
F30200C8,1495417500000,26.34,62
F30200C8,1495418400000,26.34,62
F30200C8,1495419300000,19.31,62
F30200C8,1495420200000,0,62
F30200C8,1495421100000,0,62
F30200C8,1495422000000,0,62
F30200C8,1495422900000,23.97,62
F30200C8,1495423800000,26.34,62
F30200C8,1495424700000,26.34,62
F30200C8,1495425600000,12.32,62
F30200C8,1495426500000,0,62
F30200C8,1495427400000,0,62
F30200C8,1495428300000,6.58,62
F30200C8,1495429200000,22.53,62
F30200C8,1495430100000,26.19,62
F30200C8,1495431000000,24.46,62
F30200C8,1495431900000,9.19,62
F30200C8,1495432800000,0,62
F30200C8,1495433700000,0,62
F30200C8,1495434600000,9.45,62
F30200C8,1495435500000,26.34,62
F30200C8,1495436400000,26.34,62
F30200C8,1495437300000,26.28,62
F30200C8,1495438200000,0.56,62
F30200C8,1495439100000,0,62
F30200C8,1495440000000,0,62
F30200C8,1495440900000,18.76,62
F30200C8,1495441800000,25.14,62
F30200C8,1495442700000,24.58,62
F30200C8,1495443600000,20.48,62
F30200C8,1495444500000,0,62
F30200C8,1495445400000,0,62
F30200C8,1495446300000,0,62
F30200C8,1495447200000,24.87,62
F30200C8,1495448100000,26.31,62
F30200C8,1495449000000,26.28,62
F30200C8,1495449900000,11.5,62
F30200C8,1495450800000,0,62
F30200C8,1495451700000,0,62
F30200C8,1495452600000,7.73,62
F30200C8,1495453500000,26.25,62
F30200C8,1495454400000,26.34,62
F30200C8,1495455300000,26.34,62
F30200C8,1495456200000,14.69,62
F30200C8,1495457100000,0,62
F30200C8,1495458000000,0,62
F30200C8,1495458900000,23.18,62
F30200C8,1495459800000,26.28,62
F30200C8,1495460700000,26.34,62
F30200C8,1495461600000,13.2,62
F30200C8,1495462500000,0,62
F30200C8,1495463400000,0,62
F30200C8,1495464300000,12.17,62
F30200C8,1495465200000,26.34,62
F30200C8,1495466100000,18.32,62
F30200C8,1495467000000,0,62
F30200C8,1495467900000,3.28,62
F30200C8,1495468800000,26.34,62
F30200C8,1495469700000,26.34,62
F30200C8,1495470600000,26.25,62
F30200C8,1495471500000,26.31,62
F30200C8,1495472400000,3.01,62
F30200C8,1495473300000,0,62
F30200C8,1495474200000,7.55,62
F30200C8,1495475100000,26.34,62
F30200C8,1495476000000,26.34,62
F30200C8,1495476900000,26.28,62
F30200C8,1495477800000,11.44,62
F30200C8,1495478700000,0,62
F30200C8,1495479600000,0,62
F30200C8,1495480500000,21.74,62
F30200C8,1495481400000,26.19,62
F30200C8,1495482300000,26.34,62
F30200C8,1495483200000,26.34,62
F30200C8,1495484100000,26.34,62
F30200C8,1495485000000,26.28,62
F30200C8,1495485900000,26.34,62
F30200C8,1495486800000,26.34,62
F30200C8,1495487700000,26.34,62
F30200C8,1495488600000,26.28,62
F30200C8,1495489500000,6.55,62
F30200C8,1495490400000,0,62
F30200C8,1495491300000,0,62
F30200C8,1495492200000,9.6,62
F30200C8,1495493100000,26.07,62
F30200C8,1495494000000,26.31,62
F30200C8,1495494900000,26.34,62
F30200C8,1495495800000,0.64,62
F30200C8,1495496700000,0,62
F30200C8,1495497600000,0,62
F30200C8,1495498500000,20.22,62
F30200C8,1495499400000,26.34,62
F30200C8,1495500300000,26.34,62
F30200C8,1495501200000,16.07,62
F30200C8,1495502100000,0,62
F30200C8,1495503000000,0,62
F30200C8,1495503900000,4.8,62
F30200C8,1495504800000,26.28,62
F30200C8,1495505700000,26.34,62
F30200C8,1495506600000,26.34,62
F30200C8,1495507500000,6.2,62
F30200C8,1495508400000,0,62
F30200C8,1495509300000,0.41,62
F30200C8,1495510200000,26.25,62
F30200C8,1495511100000,26.34,62
F30200C8,1495512000000,26.25,62
F30200C8,1495512900000,26.19,62
F30200C8,1495513800000,6.23,62
F30200C8,1495514700000,0,62
F30200C8,1495515600000,16.62,62
F30200C8,1495516500000,26.19,62
F30200C8,1495517400000,26.31,62
F30200C8,1495518300000,8.34,62
F30200C8,1495519200000,0,62
F30200C8,1495520100000,0,62
F30200C8,1495521000000,12.38,62
F30200C8,1495521900000,26.34,62
F30200C8,1495522800000,26.19,62
F30200C8,1495523700000,24.05,62
F30200C8,1495524600000,0,62
F30200C8,1495525500000,0,62
F30200C8,1495526400000,4.24,62
F30200C8,1495527300000,26.01,62
F30200C8,1495528200000,20.13,62
F30200C8,1495529100000,26.34,62
F30200C8,1495530000000,12.23,62
F30200C8,1495530900000,0,62
F30200C8,1495531800000,0,62
F30200C8,1495532700000,20.02,62
F30200C8,1495533600000,26.34,62
F30200C8,1495534500000,26.34,62
F30200C8,1495535400000,16.27,62
F30200C8,1495536300000,0,62
F30200C8,1495537200000,0,62
F30200C8,1495538100000,16.01,62
F30200C8,1495539000000,26.19,62
F30200C8,1495539900000,26.31,62
F30200C8,1495540800000,26.28,62
F30200C8,1495541700000,7.73,62
F30200C8,1495542600000,0,62
F30200C8,1495543500000,0.44,62
F30200C8,1495544400000,25.11,62
F30200C8,1495545300000,25.72,62
F30200C8,1495546200000,25.93,62
F30200C8,1495547100000,9.19,62
F30200C8,1495548000000,0,62
F30200C8,1495548900000,0,62
F30200C8,1495549800000,12.99,62
F30200C8,1495550700000,26.34,62
F30200C8,1495551600000,22.12,62
F30200C8,1495552500000,0,62
F30200C8,1495553400000,0,62
F30200C8,1495554300000,0,62
F30200C8,1495555200000,18.58,62
F30200C8,1495556100000,26.34,62
F30200C8,1495557000000,26.25,62
F30200C8,1495557900000,6.7,62
F30200C8,1495558800000,0,62
F30200C8,1495559700000,7.78,62
F30200C8,1495560600000,26.25,62
F30200C8,1495561500000,26.31,62
F30200C8,1495562400000,14.66,62
F30200C8,1495563300000,0,62
F30200C8,1495564200000,0,62
F30200C8,1495565100000,22.15,62
F30200C8,1495566000000,26.31,62
F30200C8,1495566900000,26.25,62
F30200C8,1495567800000,0.23,62
F30200C8,1495568700000,0,62
F30200C8,1495569600000,7.11,62
F30200C8,1495570500000,26.31,62
F30200C8,1495571400000,26.28,62
F30200C8,1495572300000,14.13,62
F30200C8,1495573200000,0,62
F30200C8,1495574100000,0,62
F30200C8,1495575000000,18.87,62
F30200C8,1495575900000,26.34,62
F30200C8,1495576800000,26.31,62
F30200C8,1495577700000,1.67,62
F30200C8,1495578600000,0,62
F30200C8,1495579500000,0,62
F30200C8,1495580400000,4.56,62
F30200C8,1495581300000,26.31,62
F30200C8,1495582200000,26.34,62
F30200C8,1495583100000,26.07,62
F30200C8,1495584000000,5.68,62
F30200C8,1495584900000,0,62
F30200C8,1495585800000,0,62
F30200C8,1495586700000,22.09,62
F30200C8,1495587600000,25.87,62
F30200C8,1495588500000,26.34,62
F30200C8,1495589400000,14.66,62
F30200C8,1495590300000,0,62
F30200C8,1495591200000,0,62
F30200C8,1495592100000,11.62,62
F30200C8,1495593000000,19.14,62
F30200C8,1495593900000,26.34,62
F30200C8,1495594800000,26.34,62
F30200C8,1495595700000,5.53,62
F30200C8,1495596600000,0,62
F30200C8,1495597500000,0,62
F30200C8,1495598400000,23.26,62
F30200C8,1495599300000,26.28,62
F30200C8,1495600200000,26.28,62
F30200C8,1495601100000,14.43,62
F30200C8,1495602000000,0,62
F30200C8,1495602900000,0,62
F30200C8,1495603800000,21.65,62
F30200C8,1495604700000,26.28,62
F30200C8,1495605600000,26.34,62
F30200C8,1495606500000,10.12,62
F30200C8,1495607400000,0,62
F30200C8,1495608300000,0,62
F30200C8,1495609200000,10.74,62
F30200C8,1495610100000,26.31,62
F30200C8,1495611000000,26.22,62
F30200C8,1495611900000,25.72,62
F30200C8,1495612800000,0,62
F30200C8,1495613700000,0,62
F30200C8,1495614600000,0,62
F30200C8,1495615500000,25.25,62
F30200C8,1495616400000,26.34,62
F30200C8,1495617300000,26.31,62
F30200C8,1495618200000,11.09,62
F30200C8,1495619100000,0,62
F30200C8,1495620000000,0,62
F30200C8,1495620900000,14.4,62
F30200C8,1495621800000,26.28,62
F30200C8,1495622700000,26.34,62
F30200C8,1495623600000,21.98,62
F30200C8,1495624500000,0,62
F30200C8,1495625400000,0,62
F30200C8,1495626300000,3.37,62
F30200C8,1495627200000,26.34,62
F30200C8,1495628100000,24.99,62
F30200C8,1495629000000,26.25,62
F30200C8,1495629900000,8.05,62
F30200C8,1495630800000,0,62
F30200C8,1495631700000,0,62
F30200C8,1495632600000,17.03,62
F30200C8,1495633500000,26.31,62
F30200C8,1495634400000,26.34,62
F30200C8,1495635300000,19.31,62
F30200C8,1495636200000,0,62
F30200C8,1495637100000,0,62
F30200C8,1495638000000,26.34,62
F30200C8,1495638900000,26.22,62
F30200C8,1495639800000,24.05,62
F30200C8,1495640700000,0,62
F30200C8,1495641600000,0,62
F30200C8,1495642500000,11.76,62
F30200C8,1495643400000,26.28,62
F30200C8,1495644300000,26.34,62
F30200C8,1495645200000,26.34,62
F30200C8,1495646100000,8.69,62
F30200C8,1495647000000,0,62
F30200C8,1495647900000,0,62
F30200C8,1495648800000,13.11,62
F30200C8,1495649700000,26.34,62
F30200C8,1495650600000,26.28,62
F30200C8,1495651500000,26.31,62
F30200C8,1495652400000,9.66,62
F30200C8,1495653300000,0,62
F30200C8,1495654200000,0,62
F30200C8,1495655100000,9.31,62
F30200C8,1495656000000,26.22,62
F30200C8,1495656900000,26.31,62
F30200C8,1495657800000,26.16,62
F30200C8,1495658700000,5.94,62
F30200C8,1495659600000,0,62
F30200C8,1495660500000,0,62
F30200C8,1495661400000,14.28,62
F30200C8,1495662300000,26.34,62
F30200C8,1495663200000,26.34,62
F30200C8,1495664100000,26.34,62
F30200C8,1495665000000,3.92,62
F30200C8,1495665900000,0,62
F30200C8,1495666800000,0,62
F30200C8,1495667700000,21.8,62
F30200C8,1495668600000,26.34,62
F30200C8,1495669500000,26.28,62
F30200C8,1495670400000,14.54,62
F30200C8,1495671300000,0,62
F30200C8,1495672200000,0,62
F30200C8,1495673100000,6.29,62
F30200C8,1495674000000,26.19,62
F30200C8,1495674900000,26.34,62
F30200C8,1495675800000,25.6,62
F30200C8,1495676700000,4.54,62
F30200C8,1495677600000,0,62
F30200C8,1495678500000,0,62
F30200C8,1495679400000,15.6,62
F30200C8,1495680300000,25.02,62
F30200C8,1495681200000,22.8,62
F30200C8,1495682100000,25.55,62
F30200C8,1495683000000,0,62
F30200C8,1495683900000,0,62
F30200C8,1495684800000,0,62
F30200C8,1495685700000,21.51,62
F30200C8,1495686600000,26.34,62
F30200C8,1495687500000,26.34,62
F30200C8,1495688400000,26.25,62
F30200C8,1495689300000,1.05,62
F30200C8,1495690200000,0,62
F30200C8,1495691100000,0,62
F30200C8,1495692000000,19.02,62
F30200C8,1495692900000,26.34,62
F30200C8,1495693800000,26.34,62
F30200C8,1495694700000,20.98,62
F30200C8,1495695600000,0,62
F30200C8,1495696500000,0,62
F30200C8,1495697400000,0,62
F30200C8,1495698300000,21.22,62
F30200C8,1495699200000,26.25,62
F30200C8,1495700100000,26.34,62
F30200C8,1495701000000,23.85,62
F30200C8,1495701900000,21.48,62
F30200C8,1495702800000,20.31,62
F30200C8,1495703700000,0,62
F30200C8,1495704600000,0,62
F30200C8,1495705500000,0,62
F30200C8,1495706400000,18.85,62
F30200C8,1495707300000,26.34,62
F30200C8,1495708200000,26.28,62
F30200C8,1495709100000,23.61,62
F30200C8,1495710000000,0,62
F30200C8,1495710900000,0,62
F30200C8,1495711800000,0,62
F30200C8,1495712700000,25.43,62
F30200C8,1495713600000,26.19,62
F30200C8,1495714500000,26.28,62
F30200C8,1495715400000,12.93,62
F30200C8,1495716300000,0,62
F30200C8,1495717200000,0,62
F30200C8,1495718100000,14.37,62
F30200C8,1495719000000,26.34,62
F30200C8,1495719900000,26.28,62
F30200C8,1495720800000,22.01,62
F30200C8,1495721700000,0,62
F30200C8,1495722600000,0,62
F30200C8,1495723500000,3.48,62
F30200C8,1495724400000,26.34,62
F30200C8,1495725300000,26.34,62
F30200C8,1495726200000,26.34,62
F30200C8,1495727100000,4.27,62
F30200C8,1495728000000,0,62
F30200C8,1495728900000,0,62
F30200C8,1495729800000,20.72,62
F30200C8,1495730700000,26.25,62
F30200C8,1495731600000,26.31,62
F30200C8,1495732500000,15.22,62
F30200C8,1495733400000,0,62
F30200C8,1495734300000,0,62
F30200C8,1495735200000,3.83,62
F30200C8,1495736100000,26.28,62
F30200C8,1495737000000,26.34,62
F30200C8,1495737900000,26.28,62
F30200C8,1495738800000,1.93,62
F30200C8,1495739700000,0,62
F30200C8,1495740600000,0,62
F30200C8,1495741500000,13.05,62
F30200C8,1495742400000,26.34,62
F30200C8,1495743300000,26.34,62
F30200C8,1495744200000,16.53,62
F30200C8,1495745100000,0,62
F30200C8,1495746000000,0,62
F30200C8,1495746900000,0,62
F30200C8,1495747800000,23.64,62
F30200C8,1495748700000,26.28,62
F30200C8,1495749600000,26.25,62
F30200C8,1495750500000,20.48,62
F30200C8,1495751400000,0,62
F30200C8,1495752300000,0,62
F30200C8,1495753200000,9.16,62
F30200C8,1495754100000,26.34,62
F30200C8,1495755000000,26.34,62
F30200C8,1495755900000,26.28,62
F30200C8,1495756800000,0.85,62
F30200C8,1495757700000,0,62
F30200C8,1495758600000,0,62
F30200C8,1495759500000,26.1,62
F30200C8,1495760400000,24.38,62
F30200C8,1495761300000,26.34,62
F30200C8,1495762200000,12.14,62
F30200C8,1495763100000,0,62
F30200C8,1495764000000,0,62
F30200C8,1495764900000,15.45,62
F30200C8,1495765800000,26.34,62
F30200C8,1495766700000,26.34,62
F30200C8,1495767600000,20.83,62
F30200C8,1495768500000,0,62
F30200C8,1495769400000,0,62
F30200C8,1495770300000,6.7,62
F30200C8,1495771200000,26.28,62
F30200C8,1495772100000,26.34,62
F30200C8,1495773000000,26.34,62
F30200C8,1495773900000,26.31,62
F30200C8,1495774800000,4.24,62
F30200C8,1495775700000,0,62
F30200C8,1495776600000,7.05,62
F30200C8,1495777500000,26.34,62
F30200C8,1495778400000,26.28,62
F30200C8,1495779300000,26.19,62
F30200C8,1495780200000,21.1,62
F30200C8,1495781100000,0,62
F30200C8,1495782000000,0,62
F30200C8,1495782900000,10.68,62
F30200C8,1495783800000,26.34,62
F30200C8,1495784700000,26.34,62
F30200C8,1495785600000,25.6,62
F30200C8,1495786500000,0,62
F30200C8,1495787400000,0,62
F30200C8,1495788300000,0,62
F30200C8,1495789200000,8.6,62
F30200C8,1495790100000,26.34,62
F30200C8,1495791000000,26.34,62
F30200C8,1495791900000,22.01,62
F30200C8,1495792800000,0,62
F30200C8,1495793700000,5.59,62
F30200C8,1495794600000,26.34,62
F30200C8,1495795500000,26.31,62
F30200C8,1495796400000,26.28,62
F30200C8,1495797300000,9.25,62
F30200C8,1495798200000,0,62
F30200C8,1495799100000,0,62
F30200C8,1495800000000,14.51,62
F30200C8,1495800900000,26.34,62
F30200C8,1495801800000,26.22,62
F30200C8,1495802700000,16.59,62
F30200C8,1495803600000,0,62
F30200C8,1495804500000,0,62
F30200C8,1495805400000,3.31,62
F30200C8,1495806300000,26.31,62
F30200C8,1495807200000,26.28,62
F30200C8,1495808100000,26.22,62
F30200C8,1495809000000,6.88,62
F30200C8,1495809900000,0,62
F30200C8,1495810800000,0.61,62
F30200C8,1495811700000,26.34,62
F30200C8,1495812600000,26.31,62
F30200C8,1495813500000,26.19,62
F30200C8,1495814400000,12.32,62
F30200C8,1495815300000,0,62
F30200C8,1495816200000,0,62
F30200C8,1495817100000,5.94,62
F30200C8,1495818000000,26.34,62
F30200C8,1495818900000,26.34,62
F30200C8,1495819800000,26.34,62
F30200C8,1495820700000,1.46,62
F30200C8,1495821600000,0,62
F30200C8,1495822500000,0,62
F30200C8,1495823400000,13.46,62
F30200C8,1495824300000,26.25,62
F30200C8,1495825200000,26.34,62
F30200C8,1495826100000,26.34,62
F30200C8,1495827000000,26.34,62
F30200C8,1495827900000,26.28,62
F30200C8,1495828800000,26.34,62
F30200C8,1495829700000,26.34,62
F30200C8,1495830600000,26.34,62
F30200C8,1495831500000,25.37,62
F30200C8,1495832400000,0,62
F30200C8,1495833300000,0,62
F30200C8,1495834200000,8.25,62
F30200C8,1495835100000,26.13,62
F30200C8,1495836000000,26.25,62
F30200C8,1495836900000,22.82,62
F30200C8,1495837800000,0,62
F30200C8,1495838700000,0,62
F30200C8,1495839600000,0,62
F30200C8,1495840500000,11.82,62
F30200C8,1495841400000,26.34,62
F30200C8,1495842300000,26.22,62
F30200C8,1495843200000,24.58,62
F30200C8,1495844100000,0,62
F30200C8,1495845000000,0,62
F30200C8,1495845900000,0,62
F30200C8,1495846800000,19.28,62
F30200C8,1495847700000,26.28,62
F30200C8,1495848600000,26.34,62
F30200C8,1495849500000,22.39,62
F30200C8,1495850400000,0,62
F30200C8,1495851300000,0,62
F30200C8,1495852200000,17.94,62
F30200C8,1495853100000,26.34,62
F30200C8,1495854000000,26.28,62
F30200C8,1495854900000,22.06,62
F30200C8,1495855800000,0,62
F30200C8,1495856700000,0,62
F30200C8,1495857600000,0.23,62
F30200C8,1495858500000,26.16,62
F30200C8,1495859400000,26.34,62
F30200C8,1495860300000,26.34,62
F30200C8,1495861200000,6.73,62
F30200C8,1495862100000,0,62
F30200C8,1495863000000,0,62
F30200C8,1495863900000,15.57,62
F30200C8,1495864800000,26.34,62
F30200C8,1495865700000,26.25,62
F30200C8,1495866600000,14.46,62
F30200C8,1495867500000,0,62
F30200C8,1495868400000,0,62
F30200C8,1495869300000,6.85,62
F30200C8,1495870200000,25.93,62
F30200C8,1495871100000,26.1,62
F30200C8,1495872000000,25.99,62
F30200C8,1495872900000,17.53,62
F30200C8,1495873800000,23.41,62
F30200C8,1495874700000,18.03,62
F30200C8,1495875600000,26.34,62
F30200C8,1495876500000,26.34,62
F30200C8,1495877400000,26.34,62
F30200C8,1495878300000,26.28,62
F30200C8,1495879200000,26.34,62
F30200C8,1495880100000,26.34,62
F30200C8,1495881000000,26.31,62
F30200C8,1495881900000,26.28,62
F30200C8,1495882800000,26.34,62
F30200C8,1495883700000,26.25,62
F30200C8,1495884600000,16.8,62
F30200C8,1495885500000,0,62
F30200C8,1495886400000,0,62
F30200C8,1495887300000,20.54,62
F30200C8,1495888200000,26.34,62
F30200C8,1495889100000,26.22,62
F30200C8,1495890000000,22.33,62
F30200C8,1495890900000,0,62
F30200C8,1495891800000,0,62
F30200C8,1495892700000,17.35,62
F30200C8,1495893600000,26.31,62
F30200C8,1495894500000,26.34,62
F30200C8,1495895400000,26.34,62
F30200C8,1495896300000,2.34,62
F30200C8,1495897200000,0,62
F30200C8,1495898100000,2.6,62
F30200C8,1495899000000,26.34,62
F30200C8,1495899900000,26.28,62
F30200C8,1495900800000,26.31,62
F30200C8,1495901700000,6.88,62
F30200C8,1495902600000,0,62
F30200C8,1495903500000,0,62
F30200C8,1495904400000,22.06,62
F30200C8,1495905300000,26.34,62
F30200C8,1495906200000,26.34,62
F30200C8,1495907100000,12.67,62
F30200C8,1495908000000,0,62
F30200C8,1495908900000,0,62
F30200C8,1495909800000,15.86,62
F30200C8,1495910700000,26.16,62
F30200C8,1495911600000,26.31,62
F30200C8,1495912500000,17.21,62
F30200C8,1495913400000,0,62
F30200C8,1495914300000,0,62
F30200C8,1495915200000,11.53,62
F30200C8,1495916100000,26.34,62
F30200C8,1495917000000,26.31,62
F30200C8,1495917900000,20.31,62
F30200C8,1495918800000,0,62
F30200C8,1495919700000,0,62
F30200C8,1495920600000,0,62
F30200C8,1495921500000,12,62
F30200C8,1495922400000,26.25,62
F30200C8,1495923300000,26.34,62
F30200C8,1495924200000,24.38,62
F30200C8,1495925100000,0,62
F30200C8,1495926000000,0,62
F30200C8,1495926900000,0,62
F30200C8,1495927800000,7.99,62
F30200C8,1495928700000,26.28,62
F30200C8,1495929600000,26.28,62
F30200C8,1495930500000,26.34,62
F30200C8,1495931400000,2.08,62
F30200C8,1495932300000,0,62
F30200C8,1495933200000,0,62
F30200C8,1495934100000,8.52,62
F30200C8,1495935000000,26.16,62
F30200C8,1495935900000,26.19,62
F30200C8,1495936800000,26.28,62
F30200C8,1495937700000,1.81,62
F30200C8,1495938600000,0,62
F30200C8,1495939500000,0,62
F30200C8,1495940400000,8.4,62
F30200C8,1495941300000,26.34,62
F30200C8,1495942200000,26.25,62
F30200C8,1495943100000,26.34,62
F30200C8,1495944000000,23.41,62
F30200C8,1495944900000,0,62
F30200C8,1495945800000,0,62
F30200C8,1495946700000,0.85,62
F30200C8,1495947600000,26.34,62
F30200C8,1495948500000,26.34,62
F30200C8,1495949400000,26.22,62
F30200C8,1495950300000,16.21,62
F30200C8,1495951200000,0,62
F30200C8,1495952100000,0,62
F30200C8,1495953000000,16.24,62
F30200C8,1495953900000,26.31,62
F30200C8,1495954800000,26.31,62
F30200C8,1495955700000,20.13,62
F30200C8,1495956600000,0,62
F30200C8,1495957500000,0,62
F30200C8,1495958400000,0,62
F30200C8,1495959300000,23.56,62
F30200C8,1495960200000,18.44,62
F30200C8,1495961100000,24.93,62
F30200C8,1495962000000,22.06,62
F30200C8,1495962900000,0,62
F30200C8,1495963800000,0,62
F30200C8,1495964700000,3.28,62
F30200C8,1495965600000,26.28,62
F30200C8,1495966500000,21.86,62
F30200C8,1495967400000,22.12,62
F30200C8,1495968300000,15.45,62
F30200C8,1495969200000,0,62
F30200C8,1495970100000,0,62
F30200C8,1495971000000,9.98,62
F30200C8,1495971900000,26.34,62
F30200C8,1495972800000,26.25,62
F30200C8,1495973700000,26.34,62
F30200C8,1495974600000,0.09,62
F30200C8,1495975500000,0,62
F30200C8,1495976400000,0,62
F30200C8,1495977300000,25.34,62
F30200C8,1495978200000,26.22,62
F30200C8,1495979100000,26.34,62
F30200C8,1495980000000,11.09,62
F30200C8,1495980900000,0,62
F30200C8,1495981800000,0,62
F30200C8,1495982700000,14.4,62
F30200C8,1495983600000,0,62
F30200C8,1495984500000,4.36,62
F30200C8,1495985400000,26.28,62
F30200C8,1495986300000,26.31,62
F30200C8,1495987200000,26.34,62
F30200C8,1495988100000,26.34,62
F30200C8,1495989000000,1.96,62
F30200C8,1495989900000,0,62
F30200C8,1495990800000,0,62
F30200C8,1495991700000,19.61,62
F30200C8,1495992600000,26.22,62
F30200C8,1495993500000,26.28,62
F30200C8,1495994400000,26.1,62
F30200C8,1495995300000,0,62
F30200C8,1495996200000,0,62
F30200C8,1495997100000,0,62
F30200C8,1495998000000,18.32,62
F30200C8,1495998900000,26.34,62
F30200C8,1495999800000,26.19,62
F30200C8,1496000700000,21.22,62
F30200C8,1496001600000,0,62
F30200C8,1496002500000,0,62
F30200C8,1496003400000,0,62
F30200C8,1496004300000,20.48,62
F30200C8,1496005200000,26.34,62
F30200C8,1496006100000,26.34,62
F30200C8,1496007000000,14.69,62
F30200C8,1496007900000,0,62
F30200C8,1496008800000,0,62
F30200C8,1496009700000,0.5,62
F30200C8,1496010600000,26.28,62
F30200C8,1496011500000,26.34,62
F30200C8,1496012400000,26.34,62
F30200C8,1496013300000,9.51,62
F30200C8,1496014200000,0,62
F30200C8,1496015100000,0,62
F30200C8,1496016000000,2.19,62
F30200C8,1496016900000,26.28,62
F30200C8,1496017800000,26.34,62
F30200C8,1496018700000,26.34,62
F30200C8,1496019600000,7.81,62
F30200C8,1496020500000,0,62
F30200C8,1496021400000,0,62
F30200C8,1496022300000,6.47,62
F30200C8,1496023200000,26.34,62
F30200C8,1496024100000,26.28,62
F30200C8,1496025000000,26.34,62
F30200C8,1496025900000,3.54,62
F30200C8,1496026800000,0,62
F30200C8,1496027700000,0,62
F30200C8,1496028600000,9.1,62
F30200C8,1496029500000,26.22,62
F30200C8,1496030400000,26.31,62
F30200C8,1496031300000,26.34,62
F30200C8,1496032200000,0.99,62
F30200C8,1496033100000,0,62
F30200C8,1496034000000,0,62
F30200C8,1496034900000,15.3,62
F30200C8,1496035800000,26.31,62
F30200C8,1496036700000,26.28,62
F30200C8,1496037600000,26.25,62
F30200C8,1496038500000,8.87,62
F30200C8,1496039400000,0,62
F30200C8,1496040300000,0,62
F30200C8,1496041200000,18.61,62
F30200C8,1496042100000,26.31,62
F30200C8,1496043000000,26.31,62
F30200C8,1496043900000,26.25,62
F30200C8,1496044800000,12.99,62
F30200C8,1496045700000,0,62
F30200C8,1496046600000,12.44,62
F30200C8,1496047500000,26.28,62
F30200C8,1496048400000,22.5,62
F30200C8,1496049300000,26.34,62
F30200C8,1496050200000,1.4,62
F30200C8,1496051100000,0,62
F30200C8,1496052000000,2.25,62
F30200C8,1496052900000,26.34,62
F30200C8,1496053800000,26.31,62
F30200C8,1496054700000,26.34,62
F30200C8,1496055600000,7.73,62
F30200C8,1496056500000,0,62
F30200C8,1496057400000,0,62
F30200C8,1496058300000,22.21,62
F30200C8,1496059200000,26.22,62
F30200C8,1496060100000,26.34,62
F30200C8,1496061000000,14.19,62
F30200C8,1496061900000,0,62
F30200C8,1496062800000,0,62
F30200C8,1496063700000,15.83,62
F30200C8,1496064600000,26.34,62
F30200C8,1496065500000,26.34,62
F30200C8,1496066400000,26.28,62
F30200C8,1496067300000,19.43,62
F30200C8,1496068200000,0,62
F30200C8,1496069100000,5,62
F30200C8,1496070000000,26.07,62
F30200C8,1496070900000,26.34,62
F30200C8,1496071800000,24.35,62
F30200C8,1496072700000,11.12,62
F30200C8,1496073600000,0,62
F30200C8,1496074500000,3.19,62
F30200C8,1496075400000,23.29,62
F30200C8,1496076300000,26.34,62
F30200C8,1496077200000,26.34,62
F30200C8,1496078100000,26.34,62
F30200C8,1496079000000,3.31,62
F30200C8,1496079900000,0,62
F30200C8,1496080800000,9.31,62
F30200C8,1496081700000,26.31,62
F30200C8,1496082600000,26.28,62
F30200C8,1496083500000,24.35,62
F30200C8,1496084400000,0,62
F30200C8,1496085300000,0,62
F30200C8,1496086200000,11.03,62
F30200C8,1496087100000,26.34,62
F30200C8,1496088000000,24.32,62
F30200C8,1496088900000,20.6,62
F30200C8,1496089800000,0,62
F30200C8,1496090700000,0,62
F30200C8,1496091600000,12.64,62
F30200C8,1496092500000,26.34,62
F30200C8,1496093400000,26.34,62
F30200C8,1496094300000,17.32,62
F30200C8,1496095200000,0,62
F30200C8,1496096100000,0,62
F30200C8,1496097000000,22.68,62
F30200C8,1496097900000,23.97,62
F30200C8,1496098800000,26.34,62
F30200C8,1496099700000,15.98,62
F30200C8,1496100600000,0,62
F30200C8,1496101500000,0,62
F30200C8,1496102400000,26.13,62
F30200C8,1496103300000,26.34,62
F30200C8,1496104200000,26.28,62
F30200C8,1496105100000,10.21,62
F30200C8,1496106000000,0,62
F30200C8,1496106900000,9.89,62
F30200C8,1496107800000,26.28,62
F30200C8,1496108700000,26.34,62
F30200C8,1496109600000,26.34,62
F30200C8,1496110500000,0.12,62
F30200C8,1496111400000,0,62
F30200C8,1496112300000,19.87,62
F30200C8,1496113200000,26.34,62
F30200C8,1496114100000,26.34,62
F30200C8,1496115000000,26.25,62
F30200C8,1496115900000,2.9,62
F30200C8,1496116800000,0,62
F30200C8,1496117700000,12.47,62
F30200C8,1496118600000,26.28,62
F30200C8,1496119500000,26.34,62
F30200C8,1496120400000,24.14,62
F30200C8,1496121300000,0,62
F30200C8,1496122200000,0,62
F30200C8,1496123100000,15.86,62
F30200C8,1496124000000,26.31,62
F30200C8,1496124900000,26.25,62
F30200C8,1496125800000,15.25,62
F30200C8,1496126700000,0,62
F30200C8,1496127600000,0,62
F30200C8,1496128500000,23.44,62
F30200C8,1496129400000,25.63,62
F30200C8,1496130300000,26.25,62
F30200C8,1496131200000,4.8,62
F30200C8,1496132100000,0,62
F30200C8,1496133000000,0,62
F30200C8,1496133900000,11.41,62
F30200C8,1496134800000,25.66,62
F30200C8,1496135700000,26.04,62
F30200C8,1496136600000,24.2,62
F30200C8,1496137500000,1.67,62
F30200C8,1496138400000,0,62
F30200C8,1496139300000,0,62
F30200C8,1496140200000,20.25,62
F30200C8,1496141100000,26.34,62
F30200C8,1496142000000,26.22,62
F30200C8,1496142900000,16.18,62
F30200C8,1496143800000,0,62
F30200C8,1496144700000,0,62
F30200C8,1496145600000,4.56,62
F30200C8,1496146500000,26.31,62
F30200C8,1496147400000,26.34,62
F30200C8,1496148300000,26.25,62
F30200C8,1496149200000,5.53,62
F30200C8,1496150100000,0,62
F30200C8,1496151000000,0,62
F30200C8,1496151900000,19.61,62
F30200C8,1496152800000,26.31,62
F30200C8,1496153700000,26.34,62
F30200C8,1496154600000,16.74,62
F30200C8,1496155500000,0,62
F30200C8,1496156400000,0,62
F30200C8,1496157300000,0,62
F30200C8,1496158200000,0.85,62
F30200C8,1496159100000,26.34,62
F30200C8,1496160000000,26.34,62
F30200C8,1496160900000,26.25,62
F30200C8,1496161800000,9.22,62
F30200C8,1496162700000,0,62
F30200C8,1496163600000,0,62
F30200C8,1496164500000,1.96,62
F30200C8,1496165400000,26.34,62
F30200C8,1496166300000,26.34,62
F30200C8,1496167200000,20.07,62
F30200C8,1496168100000,0,62
F30200C8,1496169000000,0,62
F30200C8,1496169900000,16.56,62
F30200C8,1496170800000,26.34,62
F30200C8,1496171700000,26.28,62
F30200C8,1496172600000,2.98,62
F30200C8,1496173500000,0,62
F30200C8,1496174400000,5.24,62
F30200C8,1496175300000,26.19,62
F30200C8,1496176200000,26.34,62
F30200C8,1496177100000,13.55,62
F30200C8,1496178000000,0,62
F30200C8,1496178900000,0,62
F30200C8,1496179800000,19.81,62
F30200C8,1496180700000,26.34,62
F30200C8,1496181600000,26.34,62
F30200C8,1496182500000,26.28,62
F30200C8,1496183400000,1.67,62
F30200C8,1496184300000,0,62
F30200C8,1496185200000,9.36,62
F30200C8,1496186100000,26.34,62
F30200C8,1496187000000,24.99,62
F30200C8,1496187900000,25.58,62
F30200C8,1496188800000,2.69,62
F30200C8,1496189700000,0,62
F30200C8,1496190600000,0,62
F30200C8,1496191500000,25.75,62
F30200C8,1496192400000,26.34,62
F30200C8,1496193300000,26.25,62
F30200C8,1496194200000,10.62,62
F30200C8,1496195100000,0,62
F30200C8,1496196000000,0,62
F30200C8,1496196900000,18.67,62
F30200C8,1496197800000,26.04,62
F30200C8,1496198700000,26.28,62
F30200C8,1496199600000,17.97,62
F30200C8,1496200500000,0,62
F30200C8,1496201400000,0,62
F30200C8,1496202300000,11.47,62
F30200C8,1496203200000,26.34,62
F30200C8,1496204100000,26.34,62
F30200C8,1496205000000,24.81,62
F30200C8,1496205900000,0,62
F30200C8,1496206800000,0,62
F30200C8,1496207700000,4.65,62
F30200C8,1496208600000,26.28,62
F30200C8,1496209500000,26.34,62
F30200C8,1496210400000,26.34,62
F30200C8,1496211300000,5.36,62
F30200C8,1496212200000,0,62
F30200C8,1496213100000,0,62
F30200C8,1496214000000,23.88,62
F30200C8,1496214900000,26.34,62
F30200C8,1496215800000,26.07,62
F30200C8,1496216700000,5.88,62
F30200C8,1496217600000,0,62
F30200C8,1496218500000,0,62
F30200C8,1496219400000,4.92,62
F30200C8,1496220300000,26.34,62
F30200C8,1496221200000,26.34,62
F30200C8,1496222100000,26.28,62
F30200C8,1496223000000,5.12,62
F30200C8,1496223900000,0,62
F30200C8,1496224800000,0,62
F30200C8,1496225700000,20.31,62
F30200C8,1496226600000,26.34,62
F30200C8,1496227500000,26.34,62
F30200C8,1496228400000,16.01,62
F30200C8,1496229300000,0,62
F30200C8,1496230200000,0,62
F30200C8,1496231100000,9.45,62
F30200C8,1496232000000,26.31,62
F30200C8,1496232900000,26.1,62
F30200C8,1496233800000,25.96,62
F30200C8,1496234700000,1.17,62
F30200C8,1496235600000,0,62
F30200C8,1496236500000,0,62
F30200C8,1496237400000,23.26,62
F30200C8,1496238300000,26.28,62
F30200C8,1496239200000,22.18,62
F30200C8,1496240100000,17.26,62
F30200C8,1496241000000,0,62
F30200C8,1496241900000,0,62
