serialNumber,timestamp,unitPeriodUsage
F30200C8,1490972400000,203.00
F30200C8,1490973300000,99.00
F30200C8,1490974200000,148.00
F30200C8,1490975100000,85.00
F30200C8,1490976000000,106.00
F30200C8,1490976900000,215.00
F30200C8,1490977800000,181.00
F30200C8,1490978700000,151.00
F30200C8,1490979600000,137.00
F30200C8,1490980500000,161.00
F30200C8,1490981400000,111.00
F30200C8,1490982300000,239.00
F30200C8,1490983200000,481.00
F30200C8,1490984100000,529.00
F30200C8,1490985000000,440.00
F30200C8,1490985900000,459.00
F30200C8,1490986800000,487.00
F30200C8,1490987700000,492.00
F30200C8,1490988600000,493.00
F30200C8,1490989500000,529.00
F30200C8,1490990400000,548.00
F30200C8,1490991300000,488.00
F30200C8,1490992200000,564.00
F30200C8,1490993100000,389.00
F30200C8,1490994000000,178.00
F30200C8,1490994900000,139.00
F30200C8,1490995800000,151.00
F30200C8,1490996700000,144.00
F30200C8,1490997600000,63.00
F30200C8,1490998500000,68.00
F30200C8,1490999400000,113.00
F30200C8,1491000300000,470.00
F30200C8,1491001200000,389.00
F30200C8,1491002100000,268.00
F30200C8,1491003000000,198.00
F30200C8,1491003900000,205.00
F30200C8,1491004800000,447.00
F30200C8,1491005700000,437.00
F30200C8,1491006600000,413.00
F30200C8,1491007500000,346.00
F30200C8,1491008400000,226.00
F30200C8,1491009300000,226.00
F30200C8,1491010200000,239.00
F30200C8,1491011100000,191.00
F30200C8,1491012000000,209.00
F30200C8,1491012900000,280.00
F30200C8,1491013800000,170.00
F30200C8,1491014700000,157.00
F30200C8,1491015600000,149.00
F30200C8,1491016500000,127.00
F30200C8,1491017400000,193.00
F30200C8,1491018300000,166.00
F30200C8,1491019200000,181.00
F30200C8,1491020100000,125.00
F30200C8,1491021000000,88.00
F30200C8,1491021900000,122.00
F30200C8,1491022800000,156.00
F30200C8,1491023700000,170.00
F30200C8,1491024600000,171.00
F30200C8,1491025500000,152.00
F30200C8,1491026400000,170.00
F30200C8,1491027300000,148.00
F30200C8,1491028200000,153.00
F30200C8,1491029100000,132.00
F30200C8,1491030000000,140.00
F30200C8,1491030900000,188.00
F30200C8,1491031800000,285.00
F30200C8,1491032700000,178.00
F30200C8,1491033600000,183.00
F30200C8,1491034500000,184.00
F30200C8,1491035400000,201.00
F30200C8,1491036300000,204.00
F30200C8,1491037200000,205.00
F30200C8,1491038100000,275.00
F30200C8,1491039000000,494.00
F30200C8,1491039900000,416.00
F30200C8,1491040800000,551.00
F30200C8,1491041700000,659.00
F30200C8,1491042600000,531.00
F30200C8,1491043500000,436.00
F30200C8,1491044400000,469.00
F30200C8,1491045300000,416.00
F30200C8,1491046200000,221.00
F30200C8,1491047100000,207.00
F30200C8,1491048000000,194.00
F30200C8,1491048900000,257.00
F30200C8,1491049800000,284.00
F30200C8,1491050700000,172.00
F30200C8,1491051600000,274.00
F30200C8,1491052500000,305.00
F30200C8,1491053400000,272.00
F30200C8,1491054300000,211.00
F30200C8,1491055200000,226.00
F30200C8,1491056100000,233.00
F30200C8,1491057000000,228.00
F30200C8,1491057900000,212.00
F30200C8,1491058800000,209.00
F30200C8,1491059700000,210.00
F30200C8,1491060600000,227.00
F30200C8,1491061500000,227.00
F30200C8,1491062400000,225.00
F30200C8,1491063300000,224.00
F30200C8,1491064200000,231.00
F30200C8,1491065100000,265.00
F30200C8,1491066000000,476.00
F30200C8,1491066900000,469.00
F30200C8,1491067800000,617.00
F30200C8,1491068700000,773.00
F30200C8,1491069600000,566.00
F30200C8,1491070500000,557.00
F30200C8,1491071400000,559.00
F30200C8,1491072300000,557.00
F30200C8,1491073200000,551.00
F30200C8,1491074100000,541.00
F30200C8,1491075000000,518.00
F30200C8,1491075900000,705.00
F30200C8,1491076800000,651.00
F30200C8,1491077700000,572.00
F30200C8,1491078600000,563.00
F30200C8,1491079500000,547.00
F30200C8,1491080400000,366.00
F30200C8,1491081300000,257.00
F30200C8,1491082200000,177.00
F30200C8,1491083100000,173.00
F30200C8,1491084000000,286.00
F30200C8,1491084900000,491.00
F30200C8,1491085800000,453.00
F30200C8,1491086700000,326.00
F30200C8,1491087600000,200.00
F30200C8,1491088500000,145.00
F30200C8,1491089400000,77.00
F30200C8,1491090300000,66.00
F30200C8,1491091200000,87.00
F30200C8,1491092100000,153.00
F30200C8,1491093000000,172.00
F30200C8,1491093900000,533.00
F30200C8,1491094800000,391.00
F30200C8,1491095700000,172.00
F30200C8,1491096600000,190.00
F30200C8,1491097500000,163.00
F30200C8,1491098400000,164.00
F30200C8,1491099300000,147.00
F30200C8,1491100200000,119.00
F30200C8,1491101100000,136.00
F30200C8,1491102000000,139.00
F30200C8,1491102900000,161.00
F30200C8,1491103800000,138.00
F30200C8,1491104700000,159.00
F30200C8,1491105600000,140.00
F30200C8,1491106500000,150.00
F30200C8,1491107400000,124.00
F30200C8,1491108300000,125.00
F30200C8,1491109200000,136.00
F30200C8,1491110100000,58.00
F30200C8,1491111000000,124.00
F30200C8,1491111900000,70.00
F30200C8,1491112800000,101.00
F30200C8,1491113700000,150.00
F30200C8,1491114600000,149.00
F30200C8,1491115500000,243.00
F30200C8,1491116400000,346.00
F30200C8,1491117300000,311.00
F30200C8,1491118200000,291.00
F30200C8,1491119100000,271.00
F30200C8,1491120000000,287.00
F30200C8,1491120900000,288.00
F30200C8,1491121800000,178.00
F30200C8,1491122700000,263.00
F30200C8,1491123600000,379.00
F30200C8,1491124500000,219.00
F30200C8,1491125400000,495.00
F30200C8,1491126300000,343.00
F30200C8,1491127200000,264.00
F30200C8,1491128100000,204.00
F30200C8,1491129000000,172.00
F30200C8,1491129900000,159.00
F30200C8,1491130800000,353.00
F30200C8,1491131700000,518.00
F30200C8,1491132600000,262.00
F30200C8,1491133500000,180.00
F30200C8,1491134400000,94.00
F30200C8,1491135300000,249.00
F30200C8,1491136200000,554.00
F30200C8,1491137100000,705.00
F30200C8,1491138000000,560.00
F30200C8,1491138900000,417.00
F30200C8,1491139800000,150.00
F30200C8,1491140700000,151.00
F30200C8,1491141600000,161.00
F30200C8,1491142500000,169.00
F30200C8,1491143400000,168.00
F30200C8,1491144300000,170.00
F30200C8,1491145200000,158.00
F30200C8,1491146100000,144.00
F30200C8,1491147000000,146.00
F30200C8,1491147900000,151.00
F30200C8,1491148800000,170.00
F30200C8,1491149700000,154.00
F30200C8,1491150600000,162.00
F30200C8,1491151500000,147.00
F30200C8,1491152400000,137.00
F30200C8,1491153300000,138.00
F30200C8,1491154200000,140.00
F30200C8,1491155100000,487.00
F30200C8,1491156000000,531.00
F30200C8,1491156900000,489.00
F30200C8,1491157800000,450.00
F30200C8,1491158700000,544.00
F30200C8,1491159600000,575.00
F30200C8,1491160500000,647.00
F30200C8,1491161400000,639.00
F30200C8,1491162300000,584.00
F30200C8,1491163200000,565.00
F30200C8,1491164100000,570.00
F30200C8,1491165000000,564.00
F30200C8,1491165900000,213.00
F30200C8,1491166800000,178.00
F30200C8,1491167700000,187.00
F30200C8,1491168600000,174.00
F30200C8,1491169500000,203.00
F30200C8,1491170400000,179.00
F30200C8,1491171300000,290.00
F30200C8,1491172200000,54.00
F30200C8,1491173100000,88.00
F30200C8,1491174000000,99.00
F30200C8,1491174900000,94.00
F30200C8,1491175800000,68.00
F30200C8,1491176700000,51.00
F30200C8,1491177600000,140.00
F30200C8,1491178500000,139.00
F30200C8,1491179400000,238.00
F30200C8,1491180300000,68.00
F30200C8,1491181200000,71.00
F30200C8,1491182100000,59.00
F30200C8,1491183000000,57.00
F30200C8,1491183900000,101.00
F30200C8,1491184800000,170.00
F30200C8,1491185700000,168.00
F30200C8,1491186600000,209.00
F30200C8,1491187500000,136.00
F30200C8,1491188400000,146.00
F30200C8,1491189300000,169.00
F30200C8,1491190200000,180.00
F30200C8,1491191100000,151.00
F30200C8,1491192000000,151.00
F30200C8,1491192900000,105.00
F30200C8,1491193800000,116.00
F30200C8,1491194700000,372.00
F30200C8,1491195600000,357.00
F30200C8,1491196500000,424.00
F30200C8,1491197400000,492.00
F30200C8,1491198300000,443.00
F30200C8,1491199200000,306.00
F30200C8,1491200100000,255.00
F30200C8,1491201000000,260.00
F30200C8,1491201900000,222.00
F30200C8,1491202800000,167.00
F30200C8,1491203700000,179.00
F30200C8,1491204600000,180.00
F30200C8,1491205500000,165.00
F30200C8,1491206400000,190.00
F30200C8,1491207300000,231.00
F30200C8,1491208200000,336.00
F30200C8,1491209100000,463.00
F30200C8,1491210000000,459.00
F30200C8,1491210900000,427.00
F30200C8,1491211800000,329.00
F30200C8,1491212700000,136.00
F30200C8,1491213600000,150.00
F30200C8,1491214500000,135.00
F30200C8,1491215400000,160.00
F30200C8,1491216300000,201.00
F30200C8,1491217200000,194.00
F30200C8,1491218100000,514.00
F30200C8,1491219000000,293.00
F30200C8,1491219900000,471.00
F30200C8,1491220800000,408.00
F30200C8,1491221700000,415.00
F30200C8,1491222600000,533.00
F30200C8,1491223500000,413.00
F30200C8,1491224400000,393.00
F30200C8,1491225300000,362.00
F30200C8,1491226200000,285.00
F30200C8,1491227100000,179.00
F30200C8,1491228000000,135.00
F30200C8,1491228900000,146.00
F30200C8,1491229800000,157.00
F30200C8,1491230700000,160.00
F30200C8,1491231600000,164.00
F30200C8,1491232500000,146.00
F30200C8,1491233400000,133.00
F30200C8,1491234300000,87.00
F30200C8,1491235200000,41.00
F30200C8,1491236100000,78.00
F30200C8,1491237000000,114.00
F30200C8,1491237900000,188.00
F30200C8,1491238800000,144.00
F30200C8,1491239700000,110.00
F30200C8,1491240600000,121.00
F30200C8,1491241500000,394.00
F30200C8,1491242400000,486.00
F30200C8,1491243300000,557.00
F30200C8,1491244200000,525.00
F30200C8,1491245100000,470.00
F30200C8,1491246000000,494.00
F30200C8,1491246900000,488.00
F30200C8,1491247800000,502.00
F30200C8,1491248700000,542.00
F30200C8,1491249600000,546.00
F30200C8,1491250500000,500.00
F30200C8,1491251400000,497.00
F30200C8,1491252300000,249.00
F30200C8,1491253200000,132.00
F30200C8,1491254100000,106.00
F30200C8,1491255000000,200.00
F30200C8,1491255900000,233.00
F30200C8,1491256800000,95.00
F30200C8,1491257700000,181.00
F30200C8,1491258600000,229.00
F30200C8,1491259500000,297.00
F30200C8,1491260400000,84.00
F30200C8,1491261300000,146.00
F30200C8,1491262200000,97.00
F30200C8,1491263100000,253.00
F30200C8,1491264000000,76.00
F30200C8,1491264900000,90.00
F30200C8,1491265800000,70.00
F30200C8,1491266700000,58.00
F30200C8,1491267600000,61.00
F30200C8,1491268500000,51.00
F30200C8,1491269400000,56.00
F30200C8,1491270300000,75.00
F30200C8,1491271200000,72.00
F30200C8,1491272100000,77.00
F30200C8,1491273000000,59.00
F30200C8,1491273900000,53.00
F30200C8,1491274800000,47.00
F30200C8,1491275700000,49.00
F30200C8,1491276600000,70.00
F30200C8,1491277500000,70.00
F30200C8,1491278400000,73.00
F30200C8,1491279300000,59.00
F30200C8,1491280200000,50.00
F30200C8,1491281100000,53.00
F30200C8,1491282000000,49.00
F30200C8,1491282900000,65.00
F30200C8,1491283800000,77.00
F30200C8,1491284700000,115.00
F30200C8,1491285600000,88.00
F30200C8,1491286500000,90.00
F30200C8,1491287400000,174.00
F30200C8,1491288300000,243.00
F30200C8,1491289200000,188.00
F30200C8,1491290100000,190.00
F30200C8,1491291000000,510.00
F30200C8,1491291900000,418.00
F30200C8,1491292800000,400.00
F30200C8,1491293700000,203.00
F30200C8,1491294600000,339.00
F30200C8,1491295500000,389.00
F30200C8,1491296400000,534.00
F30200C8,1491297300000,440.00
F30200C8,1491298200000,450.00
F30200C8,1491299100000,395.00
F30200C8,1491300000000,227.00
F30200C8,1491300900000,213.00
F30200C8,1491301800000,211.00
F30200C8,1491302700000,217.00
F30200C8,1491303600000,198.00
F30200C8,1491304500000,207.00
F30200C8,1491305400000,203.00
F30200C8,1491306300000,501.00
F30200C8,1491307200000,642.00
F30200C8,1491308100000,490.00
F30200C8,1491309000000,567.00
F30200C8,1491309900000,337.00
F30200C8,1491310800000,218.00
F30200C8,1491311700000,123.00
F30200C8,1491312600000,111.00
F30200C8,1491313500000,134.00
F30200C8,1491314400000,90.00
F30200C8,1491315300000,129.00
F30200C8,1491316200000,173.00
F30200C8,1491317100000,125.00
F30200C8,1491318000000,191.00
F30200C8,1491318900000,186.00
F30200C8,1491319800000,188.00
F30200C8,1491320700000,155.00
F30200C8,1491321600000,166.00
F30200C8,1491322500000,191.00
F30200C8,1491323400000,141.00
F30200C8,1491324300000,135.00
F30200C8,1491325200000,118.00
F30200C8,1491326100000,217.00
F30200C8,1491327000000,539.00
F30200C8,1491327900000,537.00
F30200C8,1491328800000,566.00
F30200C8,1491329700000,533.00
F30200C8,1491330600000,500.00
F30200C8,1491331500000,518.00
F30200C8,1491332400000,520.00
F30200C8,1491333300000,503.00
F30200C8,1491334200000,511.00
F30200C8,1491335100000,550.00
F30200C8,1491336000000,549.00
F30200C8,1491336900000,541.00
F30200C8,1491337800000,505.00
F30200C8,1491338700000,287.00
F30200C8,1491339600000,148.00
F30200C8,1491340500000,103.00
F30200C8,1491341400000,85.00
F30200C8,1491342300000,312.00
F30200C8,1491343200000,125.00
F30200C8,1491344100000,184.00
F30200C8,1491345000000,159.00
F30200C8,1491345900000,141.00
F30200C8,1491346800000,364.00
F30200C8,1491347700000,178.00
F30200C8,1491348600000,89.00
F30200C8,1491349500000,93.00
F30200C8,1491350400000,132.00
F30200C8,1491351300000,103.00
F30200C8,1491352200000,65.00
F30200C8,1491353100000,154.00
F30200C8,1491354000000,241.00
F30200C8,1491354900000,290.00
F30200C8,1491355800000,194.00
F30200C8,1491356700000,85.00
F30200C8,1491357600000,53.00
F30200C8,1491358500000,35.00
F30200C8,1491359400000,36.00
F30200C8,1491360300000,36.00
F30200C8,1491361200000,39.00
F30200C8,1491362100000,163.00
F30200C8,1491363000000,100.00
F30200C8,1491363900000,63.00
F30200C8,1491364800000,59.00
F30200C8,1491365700000,56.00
F30200C8,1491366600000,125.00
F30200C8,1491367500000,264.00
F30200C8,1491368400000,127.00
F30200C8,1491369300000,60.00
F30200C8,1491370200000,44.00
F30200C8,1491371100000,50.00
F30200C8,1491372000000,65.00
F30200C8,1491372900000,162.00
F30200C8,1491373800000,70.00
F30200C8,1491374700000,72.00
F30200C8,1491375600000,69.00
F30200C8,1491376500000,37.00
F30200C8,1491377400000,151.00
F30200C8,1491378300000,272.00
F30200C8,1491379200000,343.00
F30200C8,1491380100000,254.00
F30200C8,1491381000000,380.00
F30200C8,1491381900000,478.00
F30200C8,1491382800000,383.00
F30200C8,1491383700000,382.00
F30200C8,1491384600000,140.00
F30200C8,1491385500000,135.00
F30200C8,1491386400000,79.00
F30200C8,1491387300000,83.00
F30200C8,1491388200000,97.00
F30200C8,1491389100000,104.00
F30200C8,1491390000000,421.00
F30200C8,1491390900000,186.00
F30200C8,1491391800000,126.00
F30200C8,1491392700000,88.00
F30200C8,1491393600000,109.00
F30200C8,1491394500000,153.00
F30200C8,1491395400000,131.00
F30200C8,1491396300000,135.00
F30200C8,1491397200000,156.00
F30200C8,1491398100000,81.00
F30200C8,1491399000000,128.00
F30200C8,1491399900000,107.00
F30200C8,1491400800000,104.00
F30200C8,1491401700000,114.00
F30200C8,1491402600000,111.00
F30200C8,1491403500000,133.00
F30200C8,1491404400000,122.00
F30200C8,1491405300000,141.00
F30200C8,1491406200000,144.00
F30200C8,1491407100000,125.00
F30200C8,1491408000000,110.00
F30200C8,1491408900000,129.00
F30200C8,1491409800000,101.00
F30200C8,1491410700000,109.00
F30200C8,1491411600000,136.00
F30200C8,1491412500000,117.00
F30200C8,1491413400000,125.00
F30200C8,1491414300000,405.00
F30200C8,1491415200000,384.00
F30200C8,1491416100000,383.00
F30200C8,1491417000000,413.00
F30200C8,1491417900000,421.00
F30200C8,1491418800000,411.00
F30200C8,1491419700000,440.00
F30200C8,1491420600000,415.00
F30200C8,1491421500000,442.00
F30200C8,1491422400000,411.00
F30200C8,1491423300000,412.00
F30200C8,1491424200000,406.00
F30200C8,1491425100000,360.00
F30200C8,1491426000000,128.00
F30200C8,1491426900000,58.00
F30200C8,1491427800000,108.00
F30200C8,1491428700000,112.00
F30200C8,1491429600000,92.00
F30200C8,1491430500000,185.00
F30200C8,1491431400000,130.00
F30200C8,1491432300000,183.00
F30200C8,1491433200000,90.00
F30200C8,1491434100000,82.00
F30200C8,1491435000000,92.00
F30200C8,1491435900000,86.00
F30200C8,1491436800000,88.00
F30200C8,1491437700000,63.00
F30200C8,1491438600000,73.00
F30200C8,1491439500000,55.00
F30200C8,1491440400000,57.00
F30200C8,1491441300000,71.00
F30200C8,1491442200000,78.00
F30200C8,1491443100000,70.00
F30200C8,1491444000000,69.00
F30200C8,1491444900000,92.00
F30200C8,1491445800000,58.00
F30200C8,1491446700000,62.00
F30200C8,1491447600000,76.00
F30200C8,1491448500000,104.00
F30200C8,1491449400000,79.00
F30200C8,1491450300000,59.00
F30200C8,1491451200000,77.00
F30200C8,1491452100000,58.00
F30200C8,1491453000000,70.00
F30200C8,1491453900000,33.00
F30200C8,1491454800000,56.00
F30200C8,1491455700000,208.00
F30200C8,1491456600000,212.00
F30200C8,1491457500000,151.00
F30200C8,1491458400000,224.00
F30200C8,1491459300000,222.00
F30200C8,1491460200000,183.00
F30200C8,1491461100000,163.00
F30200C8,1491462000000,83.00
F30200C8,1491462900000,105.00
F30200C8,1491463800000,73.00
F30200C8,1491464700000,81.00
F30200C8,1491465600000,82.00
F30200C8,1491466500000,81.00
F30200C8,1491467400000,84.00
F30200C8,1491468300000,166.00
F30200C8,1491469200000,124.00
F30200C8,1491470100000,85.00
F30200C8,1491471000000,83.00
F30200C8,1491471900000,84.00
F30200C8,1491472800000,75.00
F30200C8,1491473700000,74.00
F30200C8,1491474600000,54.00
F30200C8,1491475500000,48.00
F30200C8,1491476400000,53.00
F30200C8,1491477300000,86.00
F30200C8,1491478200000,283.00
F30200C8,1491479100000,599.00
F30200C8,1491480000000,428.00
F30200C8,1491480900000,363.00
F30200C8,1491481800000,255.00
F30200C8,1491482700000,51.00
F30200C8,1491483600000,55.00
F30200C8,1491484500000,61.00
F30200C8,1491485400000,80.00
F30200C8,1491486300000,81.00
F30200C8,1491487200000,77.00
F30200C8,1491488100000,78.00
F30200C8,1491489000000,64.00
F30200C8,1491489900000,56.00
F30200C8,1491490800000,61.00
F30200C8,1491491700000,59.00
F30200C8,1491492600000,82.00
F30200C8,1491493500000,82.00
F30200C8,1491494400000,78.00
F30200C8,1491495300000,93.00
F30200C8,1491496200000,84.00
F30200C8,1491497100000,77.00
F30200C8,1491498000000,81.00
F30200C8,1491498900000,80.00
F30200C8,1491499800000,77.00
F30200C8,1491500700000,170.00
F30200C8,1491501600000,350.00
F30200C8,1491502500000,334.00
F30200C8,1491503400000,335.00
F30200C8,1491504300000,335.00
F30200C8,1491505200000,353.00
F30200C8,1491506100000,355.00
F30200C8,1491507000000,360.00
F30200C8,1491507900000,355.00
F30200C8,1491508800000,340.00
F30200C8,1491509700000,336.00
F30200C8,1491510600000,322.00
F30200C8,1491511500000,63.00
F30200C8,1491512400000,58.00
F30200C8,1491513300000,59.00
F30200C8,1491514200000,60.00
F30200C8,1491515100000,61.00
F30200C8,1491516000000,72.00
F30200C8,1491516900000,238.00
F30200C8,1491517800000,270.00
F30200C8,1491518700000,159.00
F30200C8,1491519600000,148.00
F30200C8,1491520500000,150.00
F30200C8,1491521400000,178.00
F30200C8,1491522300000,191.00
F30200C8,1491523200000,182.00
F30200C8,1491524100000,237.00
F30200C8,1491525000000,167.00
F30200C8,1491525900000,138.00
F30200C8,1491526800000,171.00
F30200C8,1491527700000,264.00
F30200C8,1491528600000,138.00
F30200C8,1491529500000,95.00
F30200C8,1491530400000,79.00
F30200C8,1491531300000,112.00
F30200C8,1491532200000,50.00
F30200C8,1491533100000,51.00
F30200C8,1491534000000,167.00
F30200C8,1491534900000,146.00
F30200C8,1491535800000,77.00
F30200C8,1491536700000,76.00
F30200C8,1491537600000,75.00
F30200C8,1491538500000,58.00
F30200C8,1491539400000,47.00
F30200C8,1491540300000,36.00
F30200C8,1491541200000,37.00
F30200C8,1491542100000,36.00
F30200C8,1491543000000,58.00
F30200C8,1491543900000,57.00
F30200C8,1491544800000,59.00
F30200C8,1491545700000,74.00
F30200C8,1491546600000,64.00
F30200C8,1491547500000,56.00
F30200C8,1491548400000,111.00
F30200C8,1491549300000,92.00
F30200C8,1491550200000,323.00
F30200C8,1491551100000,82.00
F30200C8,1491552000000,63.00
F30200C8,1491552900000,61.00
F30200C8,1491553800000,74.00
F30200C8,1491554700000,82.00
F30200C8,1491555600000,87.00
F30200C8,1491556500000,142.00
F30200C8,1491557400000,66.00
F30200C8,1491558300000,44.00
F30200C8,1491559200000,58.00
F30200C8,1491560100000,192.00
F30200C8,1491561000000,81.00
F30200C8,1491561900000,73.00
F30200C8,1491562800000,124.00
F30200C8,1491563700000,143.00
F30200C8,1491564600000,115.00
F30200C8,1491565500000,163.00
F30200C8,1491566400000,63.00
F30200C8,1491567300000,74.00
F30200C8,1491568200000,71.00
F30200C8,1491569100000,72.00
F30200C8,1491570000000,61.00
F30200C8,1491570900000,49.00
F30200C8,1491571800000,50.00
F30200C8,1491572700000,56.00
F30200C8,1491573600000,69.00
F30200C8,1491574500000,70.00
F30200C8,1491575400000,71.00
F30200C8,1491576300000,53.00
F30200C8,1491577200000,48.00
F30200C8,1491578100000,49.00
F30200C8,1491579000000,57.00
F30200C8,1491579900000,69.00
F30200C8,1491580800000,67.00
F30200C8,1491581700000,64.00
F30200C8,1491582600000,45.00
F30200C8,1491583500000,46.00
F30200C8,1491584400000,43.00
F30200C8,1491585300000,73.00
F30200C8,1491586200000,323.00
F30200C8,1491587100000,349.00
F30200C8,1491588000000,338.00
F30200C8,1491588900000,326.00
F30200C8,1491589800000,321.00
F30200C8,1491590700000,324.00
F30200C8,1491591600000,343.00
F30200C8,1491592500000,345.00
F30200C8,1491593400000,345.00
F30200C8,1491594300000,335.00
F30200C8,1491595200000,327.00
F30200C8,1491596100000,322.00
F30200C8,1491597000000,243.00
F30200C8,1491597900000,65.00
F30200C8,1491598800000,451.00
F30200C8,1491599700000,244.00
F30200C8,1491600600000,387.00
F30200C8,1491601500000,284.00
F30200C8,1491602400000,258.00
F30200C8,1491603300000,407.00
F30200C8,1491604200000,406.00
F30200C8,1491605100000,288.00
F30200C8,1491606000000,282.00
F30200C8,1491606900000,222.00
F30200C8,1491607800000,171.00
F30200C8,1491608700000,161.00
F30200C8,1491609600000,69.00
F30200C8,1491610500000,110.00
F30200C8,1491611400000,126.00
F30200C8,1491612300000,140.00
F30200C8,1491613200000,131.00
F30200C8,1491614100000,125.00
F30200C8,1491615000000,120.00
F30200C8,1491615900000,120.00
F30200C8,1491616800000,102.00
F30200C8,1491617700000,116.00
F30200C8,1491618600000,122.00
F30200C8,1491619500000,128.00
F30200C8,1491620400000,108.00
F30200C8,1491621300000,82.00
F30200C8,1491622200000,76.00
F30200C8,1491623100000,74.00
F30200C8,1491624000000,79.00
F30200C8,1491624900000,95.00
F30200C8,1491625800000,90.00
F30200C8,1491626700000,85.00
F30200C8,1491627600000,47.00
F30200C8,1491628500000,55.00
F30200C8,1491629400000,67.00
F30200C8,1491630300000,91.00
F30200C8,1491631200000,101.00
F30200C8,1491632100000,98.00
F30200C8,1491633000000,76.00
F30200C8,1491633900000,148.00
F30200C8,1491634800000,111.00
F30200C8,1491635700000,166.00
F30200C8,1491636600000,76.00
F30200C8,1491637500000,254.00
F30200C8,1491638400000,227.00
F30200C8,1491639300000,224.00
F30200C8,1491640200000,155.00
F30200C8,1491641100000,232.00
F30200C8,1491642000000,179.00
F30200C8,1491642900000,266.00
F30200C8,1491643800000,365.00
F30200C8,1491644700000,231.00
F30200C8,1491645600000,153.00
F30200C8,1491646500000,200.00
F30200C8,1491647400000,160.00
F30200C8,1491648300000,78.00
F30200C8,1491649200000,77.00
F30200C8,1491650100000,324.00
F30200C8,1491651000000,370.00
F30200C8,1491651900000,364.00
F30200C8,1491652800000,356.00
F30200C8,1491653700000,150.00
F30200C8,1491654600000,94.00
F30200C8,1491655500000,76.00
F30200C8,1491656400000,52.00
F30200C8,1491657300000,52.00
F30200C8,1491658200000,65.00
F30200C8,1491659100000,67.00
F30200C8,1491660000000,67.00
F30200C8,1491660900000,68.00
F30200C8,1491661800000,45.00
F30200C8,1491662700000,44.00
F30200C8,1491663600000,43.00
F30200C8,1491664500000,63.00
F30200C8,1491665400000,63.00
F30200C8,1491666300000,220.00
F30200C8,1491667200000,195.00
F30200C8,1491668100000,137.00
F30200C8,1491669000000,165.00
F30200C8,1491669900000,172.00
F30200C8,1491670800000,147.00
F30200C8,1491671700000,187.00
F30200C8,1491672600000,189.00
F30200C8,1491673500000,193.00
F30200C8,1491674400000,176.00
F30200C8,1491675300000,435.00
F30200C8,1491676200000,419.00
F30200C8,1491677100000,464.00
F30200C8,1491678000000,440.00
F30200C8,1491678900000,459.00
F30200C8,1491679800000,451.00
F30200C8,1491680700000,405.00
F30200C8,1491681600000,416.00
F30200C8,1491682500000,404.00
F30200C8,1491683400000,407.00
F30200C8,1491684300000,151.00
F30200C8,1491685200000,121.00
F30200C8,1491686100000,91.00
F30200C8,1491687000000,100.00
F30200C8,1491687900000,367.00
F30200C8,1491688800000,318.00
F30200C8,1491689700000,189.00
F30200C8,1491690600000,199.00
F30200C8,1491691500000,404.00
F30200C8,1491692400000,168.00
F30200C8,1491693300000,172.00
F30200C8,1491694200000,125.00
F30200C8,1491695100000,154.00
F30200C8,1491696000000,162.00
F30200C8,1491696900000,153.00
F30200C8,1491697800000,170.00
F30200C8,1491698700000,73.00
F30200C8,1491699600000,124.00
F30200C8,1491700500000,127.00
F30200C8,1491701400000,147.00
F30200C8,1491702300000,127.00
F30200C8,1491703200000,116.00
F30200C8,1491704100000,125.00
F30200C8,1491705000000,100.00
F30200C8,1491705900000,121.00
F30200C8,1491706800000,137.00
F30200C8,1491707700000,100.00
F30200C8,1491708600000,100.00
F30200C8,1491709500000,123.00
F30200C8,1491710400000,105.00
F30200C8,1491711300000,88.00
F30200C8,1491712200000,109.00
F30200C8,1491713100000,111.00
F30200C8,1491714000000,94.00
F30200C8,1491714900000,86.00
F30200C8,1491715800000,86.00
F30200C8,1491716700000,139.00
F30200C8,1491717600000,127.00
F30200C8,1491718500000,128.00
F30200C8,1491719400000,110.00
F30200C8,1491720300000,111.00
F30200C8,1491721200000,120.00
F30200C8,1491722100000,91.00
F30200C8,1491723000000,114.00
F30200C8,1491723900000,152.00
F30200C8,1491724800000,114.00
F30200C8,1491725700000,107.00
F30200C8,1491726600000,223.00
F30200C8,1491727500000,327.00
F30200C8,1491728400000,185.00
F30200C8,1491729300000,135.00
F30200C8,1491730200000,297.00
F30200C8,1491731100000,159.00
F30200C8,1491732000000,210.00
F30200C8,1491732900000,184.00
F30200C8,1491733800000,152.00
F30200C8,1491734700000,176.00
F30200C8,1491735600000,162.00
F30200C8,1491736500000,196.00
F30200C8,1491737400000,261.00
F30200C8,1491738300000,593.00
F30200C8,1491739200000,682.00
F30200C8,1491740100000,373.00
F30200C8,1491741000000,319.00
F30200C8,1491741900000,72.00
F30200C8,1491742800000,64.00
F30200C8,1491743700000,48.00
F30200C8,1491744600000,139.00
F30200C8,1491745500000,415.00
F30200C8,1491746400000,385.00
F30200C8,1491747300000,276.00
F30200C8,1491748200000,291.00
F30200C8,1491749100000,239.00
F30200C8,1491750000000,267.00
F30200C8,1491750900000,57.00
F30200C8,1491751800000,55.00
F30200C8,1491752700000,62.00
F30200C8,1491753600000,124.00
F30200C8,1491754500000,60.00
F30200C8,1491755400000,70.00
F30200C8,1491756300000,129.00
F30200C8,1491757200000,121.00
F30200C8,1491758100000,135.00
F30200C8,1491759000000,121.00
F30200C8,1491759900000,88.00
F30200C8,1491760800000,312.00
F30200C8,1491761700000,416.00
F30200C8,1491762600000,419.00
F30200C8,1491763500000,405.00
F30200C8,1491764400000,464.00
F30200C8,1491765300000,487.00
F30200C8,1491766200000,488.00
F30200C8,1491767100000,452.00
F30200C8,1491768000000,444.00
F30200C8,1491768900000,454.00
F30200C8,1491769800000,475.00
F30200C8,1491770700000,129.00
F30200C8,1491771600000,116.00
F30200C8,1491772500000,65.00
F30200C8,1491773400000,96.00
F30200C8,1491774300000,214.00
F30200C8,1491775200000,146.00
F30200C8,1491776100000,135.00
F30200C8,1491777000000,285.00
F30200C8,1491777900000,446.00
F30200C8,1491778800000,348.00
F30200C8,1491779700000,138.00
F30200C8,1491780600000,37.00
F30200C8,1491781500000,37.00
F30200C8,1491782400000,44.00
F30200C8,1491783300000,61.00
F30200C8,1491784200000,58.00
F30200C8,1491785100000,58.00
F30200C8,1491786000000,40.00
F30200C8,1491786900000,40.00
F30200C8,1491787800000,39.00
F30200C8,1491788700000,47.00
F30200C8,1491789600000,61.00
F30200C8,1491790500000,58.00
F30200C8,1491791400000,54.00
F30200C8,1491792300000,36.00
F30200C8,1491793200000,38.00
F30200C8,1491794100000,34.00
F30200C8,1491795000000,47.00
F30200C8,1491795900000,57.00
F30200C8,1491796800000,59.00
F30200C8,1491797700000,65.00
F30200C8,1491798600000,74.00
F30200C8,1491799500000,56.00
F30200C8,1491800400000,63.00
F30200C8,1491801300000,63.00
F30200C8,1491802200000,64.00
F30200C8,1491803100000,47.00
F30200C8,1491804000000,34.00
F30200C8,1491804900000,34.00
F30200C8,1491805800000,38.00
F30200C8,1491806700000,59.00
F30200C8,1491807600000,61.00
F30200C8,1491808500000,58.00
F30200C8,1491809400000,38.00
F30200C8,1491810300000,35.00
F30200C8,1491811200000,36.00
F30200C8,1491812100000,42.00
F30200C8,1491813000000,57.00
F30200C8,1491813900000,59.00
F30200C8,1491814800000,53.00
F30200C8,1491815700000,118.00
F30200C8,1491816600000,371.00
F30200C8,1491817500000,237.00
F30200C8,1491818400000,215.00
F30200C8,1491819300000,280.00
F30200C8,1491820200000,230.00
F30200C8,1491821100000,203.00
F30200C8,1491822000000,195.00
F30200C8,1491822900000,187.00
F30200C8,1491823800000,346.00
F30200C8,1491824700000,337.00
F30200C8,1491825600000,299.00
F30200C8,1491826500000,281.00
F30200C8,1491827400000,288.00
F30200C8,1491828300000,312.00
F30200C8,1491829200000,285.00
F30200C8,1491830100000,287.00
F30200C8,1491831000000,409.00
F30200C8,1491831900000,732.00
F30200C8,1491832800000,562.00
F30200C8,1491833700000,594.00
F30200C8,1491834600000,590.00
F30200C8,1491835500000,180.00
F30200C8,1491836400000,72.00
F30200C8,1491837300000,61.00
F30200C8,1491838200000,85.00
F30200C8,1491839100000,129.00
F30200C8,1491840000000,145.00
F30200C8,1491840900000,108.00
F30200C8,1491841800000,141.00
F30200C8,1491842700000,138.00
F30200C8,1491843600000,133.00
F30200C8,1491844500000,128.00
F30200C8,1491845400000,119.00
F30200C8,1491846300000,107.00
F30200C8,1491847200000,278.00
F30200C8,1491848100000,475.00
F30200C8,1491849000000,460.00
F30200C8,1491849900000,476.00
F30200C8,1491850800000,524.00
F30200C8,1491851700000,495.00
F30200C8,1491852600000,554.00
F30200C8,1491853500000,561.00
F30200C8,1491854400000,551.00
F30200C8,1491855300000,521.00
F30200C8,1491856200000,329.00
F30200C8,1491857100000,127.00
F30200C8,1491858000000,113.00
F30200C8,1491858900000,130.00
F30200C8,1491859800000,94.00
F30200C8,1491860700000,162.00
F30200C8,1491861600000,205.00
F30200C8,1491862500000,111.00
F30200C8,1491863400000,144.00
F30200C8,1491864300000,92.00
F30200C8,1491865200000,98.00
F30200C8,1491866100000,95.00
F30200C8,1491867000000,136.00
F30200C8,1491867900000,116.00
F30200C8,1491868800000,182.00
F30200C8,1491869700000,168.00
F30200C8,1491870600000,137.00
F30200C8,1491871500000,135.00
F30200C8,1491872400000,150.00
F30200C8,1491873300000,172.00
F30200C8,1491874200000,126.00
F30200C8,1491875100000,170.00
F30200C8,1491876000000,309.00
F30200C8,1491876900000,491.00
F30200C8,1491877800000,365.00
F30200C8,1491878700000,161.00
F30200C8,1491879600000,230.00
F30200C8,1491880500000,204.00
F30200C8,1491881400000,250.00
F30200C8,1491882300000,221.00
F30200C8,1491883200000,183.00
F30200C8,1491884100000,158.00
F30200C8,1491885000000,120.00
F30200C8,1491885900000,104.00
F30200C8,1491886800000,299.00
F30200C8,1491887700000,349.00
F30200C8,1491888600000,359.00
F30200C8,1491889500000,234.00
F30200C8,1491890400000,162.00
F30200C8,1491891300000,122.00
F30200C8,1491892200000,127.00
F30200C8,1491893100000,141.00
F30200C8,1491894000000,145.00
F30200C8,1491894900000,136.00
F30200C8,1491895800000,229.00
F30200C8,1491896700000,281.00
F30200C8,1491897600000,253.00
F30200C8,1491898500000,291.00
F30200C8,1491899400000,310.00
F30200C8,1491900300000,311.00
F30200C8,1491901200000,179.00
F30200C8,1491902100000,273.00
F30200C8,1491903000000,119.00
F30200C8,1491903900000,88.00
F30200C8,1491904800000,85.00
F30200C8,1491905700000,187.00
F30200C8,1491906600000,195.00
F30200C8,1491907500000,184.00
F30200C8,1491908400000,207.00
F30200C8,1491909300000,292.00
F30200C8,1491910200000,299.00
F30200C8,1491911100000,298.00
F30200C8,1491912000000,275.00
F30200C8,1491912900000,286.00
F30200C8,1491913800000,164.00
F30200C8,1491914700000,290.00
F30200C8,1491915600000,163.00
F30200C8,1491916500000,169.00
F30200C8,1491917400000,163.00
F30200C8,1491918300000,175.00
F30200C8,1491919200000,161.00
F30200C8,1491920100000,215.00
F30200C8,1491921000000,426.00
F30200C8,1491921900000,469.00
F30200C8,1491922800000,435.00
F30200C8,1491923700000,399.00
F30200C8,1491924600000,142.00
F30200C8,1491925500000,131.00
F30200C8,1491926400000,122.00
F30200C8,1491927300000,38.00
F30200C8,1491928200000,88.00
F30200C8,1491929100000,160.00
F30200C8,1491930000000,167.00
F30200C8,1491930900000,131.00
F30200C8,1491931800000,149.00
F30200C8,1491932700000,101.00
F30200C8,1491933600000,129.00
F30200C8,1491934500000,295.00
F30200C8,1491935400000,444.00
F30200C8,1491936300000,386.00
F30200C8,1491937200000,434.00
F30200C8,1491938100000,412.00
F30200C8,1491939000000,400.00
F30200C8,1491939900000,415.00
F30200C8,1491940800000,353.00
F30200C8,1491941700000,405.00
F30200C8,1491942600000,419.00
F30200C8,1491943500000,160.00
F30200C8,1491944400000,147.00
F30200C8,1491945300000,122.00
F30200C8,1491946200000,130.00
F30200C8,1491947100000,104.00
F30200C8,1491948000000,145.00
F30200C8,1491948900000,187.00
F30200C8,1491949800000,72.00
F30200C8,1491950700000,145.00
F30200C8,1491951600000,331.00
F30200C8,1491952500000,192.00
F30200C8,1491953400000,220.00
F30200C8,1491954300000,162.00
F30200C8,1491955200000,132.00
F30200C8,1491956100000,170.00
F30200C8,1491957000000,179.00
F30200C8,1491957900000,96.00
F30200C8,1491958800000,78.00
F30200C8,1491959700000,96.00
F30200C8,1491960600000,189.00
F30200C8,1491961500000,464.00
F30200C8,1491962400000,167.00
F30200C8,1491963300000,83.00
F30200C8,1491964200000,69.00
F30200C8,1491965100000,272.00
F30200C8,1491966000000,154.00
F30200C8,1491966900000,261.00
F30200C8,1491967800000,218.00
F30200C8,1491968700000,109.00
F30200C8,1491969600000,63.00
F30200C8,1491970500000,62.00
F30200C8,1491971400000,58.00
F30200C8,1491972300000,228.00
F30200C8,1491973200000,208.00
F30200C8,1491974100000,188.00
F30200C8,1491975000000,215.00
F30200C8,1491975900000,203.00
F30200C8,1491976800000,203.00
F30200C8,1491977700000,239.00
F30200C8,1491978600000,204.00
F30200C8,1491979500000,141.00
F30200C8,1491980400000,87.00
F30200C8,1491981300000,60.00
F30200C8,1491982200000,107.00
F30200C8,1491983100000,107.00
F30200C8,1491984000000,141.00
F30200C8,1491984900000,147.00
F30200C8,1491985800000,357.00
F30200C8,1491986700000,337.00
F30200C8,1491987600000,378.00
F30200C8,1491988500000,212.00
F30200C8,1491989400000,186.00
F30200C8,1491990300000,190.00
F30200C8,1491991200000,349.00
F30200C8,1491992100000,436.00
F30200C8,1491993000000,174.00
F30200C8,1491993900000,115.00
F30200C8,1491994800000,71.00
F30200C8,1491995700000,133.00
F30200C8,1491996600000,192.00
F30200C8,1491997500000,198.00
F30200C8,1491998400000,192.00
F30200C8,1491999300000,199.00
F30200C8,1492000200000,661.00
F30200C8,1492001100000,541.00
F30200C8,1492002000000,573.00
F30200C8,1492002900000,518.00
F30200C8,1492003800000,182.00
F30200C8,1492004700000,194.00
F30200C8,1492005600000,115.00
F30200C8,1492006500000,188.00
F30200C8,1492007400000,147.00
F30200C8,1492008300000,176.00
F30200C8,1492009200000,178.00
F30200C8,1492010100000,144.00
F30200C8,1492011000000,148.00
F30200C8,1492011900000,171.00
F30200C8,1492012800000,163.00
F30200C8,1492013700000,123.00
F30200C8,1492014600000,152.00
F30200C8,1492015500000,163.00
F30200C8,1492016400000,113.00
F30200C8,1492017300000,37.00
F30200C8,1492018200000,80.00
F30200C8,1492019100000,241.00
F30200C8,1492020000000,527.00
F30200C8,1492020900000,520.00
F30200C8,1492021800000,518.00
F30200C8,1492022700000,486.00
F30200C8,1492023600000,492.00
F30200C8,1492024500000,510.00
F30200C8,1492025400000,520.00
F30200C8,1492026300000,474.00
F30200C8,1492027200000,516.00
F30200C8,1492028100000,483.00
F30200C8,1492029000000,511.00
F30200C8,1492029900000,149.00
F30200C8,1492030800000,138.00
F30200C8,1492031700000,139.00
F30200C8,1492032600000,149.00
F30200C8,1492033500000,165.00
F30200C8,1492034400000,212.00
F30200C8,1492035300000,374.00
F30200C8,1492036200000,184.00
F30200C8,1492037100000,140.00
F30200C8,1492038000000,178.00
F30200C8,1492038900000,191.00
F30200C8,1492039800000,71.00
F30200C8,1492040700000,62.00
F30200C8,1492041600000,126.00
F30200C8,1492042500000,292.00
F30200C8,1492043400000,354.00
F30200C8,1492044300000,258.00
F30200C8,1492045200000,134.00
F30200C8,1492046100000,139.00
F30200C8,1492047000000,88.00
F30200C8,1492047900000,77.00
F30200C8,1492048800000,57.00
F30200C8,1492049700000,71.00
F30200C8,1492050600000,206.00
F30200C8,1492051500000,320.00
F30200C8,1492052400000,210.00
F30200C8,1492053300000,145.00
F30200C8,1492054200000,137.00
F30200C8,1492055100000,133.00
F30200C8,1492056000000,131.00
F30200C8,1492056900000,111.00
F30200C8,1492057800000,125.00
F30200C8,1492058700000,122.00
F30200C8,1492059600000,141.00
F30200C8,1492060500000,110.00
F30200C8,1492061400000,128.00
F30200C8,1492062300000,81.00
F30200C8,1492063200000,50.00
F30200C8,1492064100000,103.00
F30200C8,1492065000000,167.00
F30200C8,1492065900000,133.00
F30200C8,1492066800000,141.00
F30200C8,1492067700000,199.00
F30200C8,1492068600000,171.00
F30200C8,1492069500000,106.00
F30200C8,1492070400000,130.00
F30200C8,1492071300000,139.00
F30200C8,1492072200000,134.00
F30200C8,1492073100000,248.00
F30200C8,1492074000000,343.00
F30200C8,1492074900000,99.00
F30200C8,1492075800000,130.00
F30200C8,1492076700000,158.00
F30200C8,1492077600000,137.00
F30200C8,1492078500000,161.00
F30200C8,1492079400000,149.00
F30200C8,1492080300000,129.00
F30200C8,1492081200000,164.00
F30200C8,1492082100000,155.00
F30200C8,1492083000000,174.00
F30200C8,1492083900000,250.00
F30200C8,1492084800000,681.00
F30200C8,1492085700000,527.00
F30200C8,1492086600000,411.00
F30200C8,1492087500000,468.00
F30200C8,1492088400000,173.00
F30200C8,1492089300000,172.00
F30200C8,1492090200000,180.00
F30200C8,1492091100000,165.00
F30200C8,1492092000000,193.00
F30200C8,1492092900000,175.00
F30200C8,1492093800000,162.00
F30200C8,1492094700000,146.00
F30200C8,1492095600000,160.00
F30200C8,1492096500000,162.00
F30200C8,1492097400000,160.00
F30200C8,1492098300000,175.00
F30200C8,1492099200000,148.00
F30200C8,1492100100000,153.00
F30200C8,1492101000000,166.00
F30200C8,1492101900000,194.00
F30200C8,1492102800000,200.00
F30200C8,1492103700000,159.00
F30200C8,1492104600000,180.00
F30200C8,1492105500000,278.00
F30200C8,1492106400000,532.00
F30200C8,1492107300000,526.00
F30200C8,1492108200000,428.00
F30200C8,1492109100000,418.00
F30200C8,1492110000000,515.00
F30200C8,1492110900000,535.00
F30200C8,1492111800000,540.00
F30200C8,1492112700000,571.00
F30200C8,1492113600000,553.00
F30200C8,1492114500000,560.00
F30200C8,1492115400000,547.00
F30200C8,1492116300000,177.00
F30200C8,1492117200000,107.00
F30200C8,1492118100000,135.00
F30200C8,1492119000000,91.00
F30200C8,1492119900000,112.00
F30200C8,1492120800000,309.00
F30200C8,1492121700000,125.00
F30200C8,1492122600000,84.00
F30200C8,1492123500000,91.00
F30200C8,1492124400000,225.00
F30200C8,1492125300000,124.00
F30200C8,1492126200000,104.00
F30200C8,1492127100000,69.00
F30200C8,1492128000000,72.00
F30200C8,1492128900000,75.00
F30200C8,1492129800000,76.00
F30200C8,1492130700000,69.00
F30200C8,1492131600000,62.00
F30200C8,1492132500000,61.00
F30200C8,1492133400000,60.00
F30200C8,1492134300000,61.00
F30200C8,1492135200000,45.00
F30200C8,1492136100000,37.00
F30200C8,1492137000000,35.00
F30200C8,1492137900000,35.00
F30200C8,1492138800000,52.00
F30200C8,1492139700000,56.00
F30200C8,1492140600000,58.00
F30200C8,1492141500000,55.00
F30200C8,1492142400000,50.00
F30200C8,1492143300000,33.00
F30200C8,1492144200000,35.00
F30200C8,1492145100000,35.00
F30200C8,1492146000000,40.00
F30200C8,1492146900000,55.00
F30200C8,1492147800000,58.00
F30200C8,1492148700000,59.00
F30200C8,1492149600000,75.00
F30200C8,1492150500000,65.00
F30200C8,1492151400000,76.00
F30200C8,1492152300000,71.00
F30200C8,1492153200000,73.00
F30200C8,1492154100000,113.00
F30200C8,1492155000000,115.00
F30200C8,1492155900000,157.00
F30200C8,1492156800000,176.00
F30200C8,1492157700000,148.00
F30200C8,1492158600000,101.00
F30200C8,1492159500000,132.00
F30200C8,1492160400000,155.00
F30200C8,1492161300000,133.00
F30200C8,1492162200000,131.00
F30200C8,1492163100000,222.00
F30200C8,1492164000000,159.00
F30200C8,1492164900000,152.00
F30200C8,1492165800000,146.00
F30200C8,1492166700000,150.00
F30200C8,1492167600000,164.00
F30200C8,1492168500000,148.00
F30200C8,1492169400000,122.00
F30200C8,1492170300000,119.00
F30200C8,1492171200000,117.00
F30200C8,1492172100000,122.00
F30200C8,1492173000000,145.00
F30200C8,1492173900000,174.00
F30200C8,1492174800000,157.00
F30200C8,1492175700000,213.00
F30200C8,1492176600000,95.00
F30200C8,1492177500000,132.00
F30200C8,1492178400000,172.00
F30200C8,1492179300000,175.00
F30200C8,1492180200000,116.00
F30200C8,1492181100000,175.00
F30200C8,1492182000000,184.00
F30200C8,1492182900000,183.00
F30200C8,1492183800000,202.00
F30200C8,1492184700000,195.00
F30200C8,1492185600000,167.00
F30200C8,1492186500000,171.00
F30200C8,1492187400000,169.00
F30200C8,1492188300000,125.00
F30200C8,1492189200000,308.00
F30200C8,1492190100000,205.00
F30200C8,1492191000000,399.00
F30200C8,1492191900000,441.00
F30200C8,1492192800000,447.00
F30200C8,1492193700000,445.00
F30200C8,1492194600000,453.00
F30200C8,1492195500000,459.00
F30200C8,1492196400000,427.00
F30200C8,1492197300000,437.00
F30200C8,1492198200000,415.00
F30200C8,1492199100000,358.00
F30200C8,1492200000000,387.00
F30200C8,1492200900000,406.00
F30200C8,1492201800000,447.00
F30200C8,1492202700000,170.00
F30200C8,1492203600000,130.00
F30200C8,1492204500000,146.00
F30200C8,1492205400000,149.00
F30200C8,1492206300000,139.00
F30200C8,1492207200000,95.00
F30200C8,1492208100000,81.00
F30200C8,1492209000000,132.00
F30200C8,1492209900000,209.00
F30200C8,1492210800000,236.00
F30200C8,1492211700000,102.00
F30200C8,1492212600000,124.00
F30200C8,1492213500000,119.00
F30200C8,1492214400000,109.00
F30200C8,1492215300000,128.00
F30200C8,1492216200000,107.00
F30200C8,1492217100000,112.00
F30200C8,1492218000000,123.00
F30200C8,1492218900000,112.00
F30200C8,1492219800000,150.00
F30200C8,1492220700000,139.00
F30200C8,1492221600000,77.00
F30200C8,1492222500000,87.00
F30200C8,1492223400000,185.00
F30200C8,1492224300000,462.00
F30200C8,1492225200000,193.00
F30200C8,1492226100000,60.00
F30200C8,1492227000000,92.00
F30200C8,1492227900000,61.00
F30200C8,1492228800000,45.00
F30200C8,1492229700000,90.00
F30200C8,1492230600000,110.00
F30200C8,1492231500000,96.00
F30200C8,1492232400000,394.00
F30200C8,1492233300000,62.00
F30200C8,1492234200000,76.00
F30200C8,1492235100000,129.00
F30200C8,1492236000000,84.00
F30200C8,1492236900000,60.00
F30200C8,1492237800000,95.00
F30200C8,1492238700000,105.00
F30200C8,1492239600000,67.00
F30200C8,1492240500000,72.00
F30200C8,1492241400000,35.00
F30200C8,1492242300000,56.00
F30200C8,1492243200000,55.00
F30200C8,1492244100000,50.00
F30200C8,1492245000000,59.00
F30200C8,1492245900000,90.00
F30200C8,1492246800000,118.00
F30200C8,1492247700000,103.00
F30200C8,1492248600000,77.00
F30200C8,1492249500000,78.00
F30200C8,1492250400000,90.00
F30200C8,1492251300000,105.00
F30200C8,1492252200000,109.00
F30200C8,1492253100000,57.00
F30200C8,1492254000000,81.00
F30200C8,1492254900000,67.00
F30200C8,1492255800000,108.00
F30200C8,1492256700000,128.00
F30200C8,1492257600000,142.00
F30200C8,1492258500000,151.00
F30200C8,1492259400000,268.00
F30200C8,1492260300000,385.00
F30200C8,1492261200000,575.00
F30200C8,1492262100000,506.00
F30200C8,1492263000000,311.00
F30200C8,1492263900000,111.00
F30200C8,1492264800000,105.00
F30200C8,1492265700000,99.00
F30200C8,1492266600000,69.00
F30200C8,1492267500000,67.00
F30200C8,1492268400000,120.00
F30200C8,1492269300000,93.00
F30200C8,1492270200000,157.00
F30200C8,1492271100000,139.00
F30200C8,1492272000000,85.00
F30200C8,1492272900000,67.00
F30200C8,1492273800000,131.00
F30200C8,1492274700000,87.00
F30200C8,1492275600000,116.00
F30200C8,1492276500000,127.00
F30200C8,1492277400000,110.00
F30200C8,1492278300000,355.00
F30200C8,1492279200000,396.00
F30200C8,1492280100000,384.00
F30200C8,1492281000000,387.00
F30200C8,1492281900000,346.00
F30200C8,1492282800000,388.00
F30200C8,1492283700000,371.00
F30200C8,1492284600000,344.00
F30200C8,1492285500000,326.00
F30200C8,1492286400000,348.00
F30200C8,1492287300000,369.00
F30200C8,1492288200000,428.00
F30200C8,1492289100000,355.00
F30200C8,1492290000000,66.00
F30200C8,1492290900000,36.00
F30200C8,1492291800000,36.00
F30200C8,1492292700000,42.00
F30200C8,1492293600000,224.00
F30200C8,1492294500000,375.00
F30200C8,1492295400000,92.00
F30200C8,1492296300000,118.00
F30200C8,1492297200000,80.00
F30200C8,1492298100000,78.00
F30200C8,1492299000000,73.00
F30200C8,1492299900000,76.00
F30200C8,1492300800000,67.00
F30200C8,1492301700000,140.00
F30200C8,1492302600000,57.00
F30200C8,1492303500000,60.00
F30200C8,1492304400000,96.00
F30200C8,1492305300000,171.00
F30200C8,1492306200000,61.00
F30200C8,1492307100000,157.00
F30200C8,1492308000000,239.00
F30200C8,1492308900000,70.00
F30200C8,1492309800000,81.00
F30200C8,1492310700000,53.00
F30200C8,1492311600000,93.00
F30200C8,1492312500000,156.00
F30200C8,1492313400000,245.00
F30200C8,1492314300000,152.00
F30200C8,1492315200000,60.00
F30200C8,1492316100000,148.00
F30200C8,1492317000000,101.00
F30200C8,1492317900000,58.00
F30200C8,1492318800000,56.00
F30200C8,1492319700000,67.00
F30200C8,1492320600000,71.00
F30200C8,1492321500000,51.00
F30200C8,1492322400000,61.00
F30200C8,1492323300000,61.00
F30200C8,1492324200000,140.00
F30200C8,1492325100000,68.00
F30200C8,1492326000000,167.00
F30200C8,1492326900000,64.00
F30200C8,1492327800000,65.00
F30200C8,1492328700000,67.00
F30200C8,1492329600000,67.00
F30200C8,1492330500000,65.00
F30200C8,1492331400000,69.00
F30200C8,1492332300000,67.00
F30200C8,1492333200000,70.00
F30200C8,1492334100000,73.00
F30200C8,1492335000000,72.00
F30200C8,1492335900000,278.00
F30200C8,1492336800000,255.00
F30200C8,1492337700000,328.00
F30200C8,1492338600000,97.00
F30200C8,1492339500000,73.00
F30200C8,1492340400000,71.00
F30200C8,1492341300000,175.00
F30200C8,1492342200000,141.00
F30200C8,1492343100000,85.00
F30200C8,1492344000000,99.00
F30200C8,1492344900000,96.00
F30200C8,1492345800000,76.00
F30200C8,1492346700000,60.00
F30200C8,1492347600000,39.00
F30200C8,1492348500000,39.00
F30200C8,1492349400000,61.00
F30200C8,1492350300000,64.00
F30200C8,1492351200000,60.00
F30200C8,1492352100000,40.00
F30200C8,1492353000000,34.00
F30200C8,1492353900000,35.00
F30200C8,1492354800000,63.00
F30200C8,1492355700000,60.00
F30200C8,1492356600000,61.00
F30200C8,1492357500000,74.00
F30200C8,1492358400000,62.00
F30200C8,1492359300000,58.00
F30200C8,1492360200000,59.00
F30200C8,1492361100000,59.00
F30200C8,1492362000000,51.00
F30200C8,1492362900000,33.00
F30200C8,1492363800000,34.00
F30200C8,1492364700000,39.00
F30200C8,1492365600000,57.00
F30200C8,1492366500000,58.00
F30200C8,1492367400000,44.00
F30200C8,1492368300000,34.00
F30200C8,1492369200000,32.00
F30200C8,1492370100000,127.00
F30200C8,1492371000000,336.00
F30200C8,1492371900000,334.00
F30200C8,1492372800000,321.00
F30200C8,1492373700000,319.00
F30200C8,1492374600000,321.00
F30200C8,1492375500000,336.00
F30200C8,1492376400000,356.00
F30200C8,1492377300000,226.00
F30200C8,1492378200000,35.00
F30200C8,1492379100000,34.00
F30200C8,1492380000000,58.00
F30200C8,1492380900000,262.00
F30200C8,1492381800000,68.00
F30200C8,1492382700000,48.00
F30200C8,1492383600000,45.00
F30200C8,1492384500000,125.00
F30200C8,1492385400000,84.00
F30200C8,1492386300000,87.00
F30200C8,1492387200000,43.00
F30200C8,1492388100000,33.00
F30200C8,1492389000000,49.00
F30200C8,1492389900000,67.00
F30200C8,1492390800000,74.00
F30200C8,1492391700000,179.00
F30200C8,1492392600000,163.00
F30200C8,1492393500000,149.00
F30200C8,1492394400000,183.00
F30200C8,1492395300000,62.00
F30200C8,1492396200000,205.00
F30200C8,1492397100000,329.00
F30200C8,1492398000000,77.00
F30200C8,1492398900000,69.00
F30200C8,1492399800000,72.00
F30200C8,1492400700000,151.00
F30200C8,1492401600000,112.00
F30200C8,1492402500000,112.00
F30200C8,1492403400000,90.00
F30200C8,1492404300000,85.00
F30200C8,1492405200000,117.00
F30200C8,1492406100000,223.00
F30200C8,1492407000000,226.00
F30200C8,1492407900000,193.00
F30200C8,1492408800000,191.00
F30200C8,1492409700000,196.00
F30200C8,1492410600000,174.00
F30200C8,1492411500000,110.00
F30200C8,1492412400000,105.00
F30200C8,1492413300000,83.00
F30200C8,1492414200000,134.00
F30200C8,1492415100000,108.00
F30200C8,1492416000000,134.00
F30200C8,1492416900000,160.00
F30200C8,1492417800000,90.00
F30200C8,1492418700000,271.00
F30200C8,1492419600000,98.00
F30200C8,1492420500000,118.00
F30200C8,1492421400000,96.00
F30200C8,1492422300000,107.00
F30200C8,1492423200000,126.00
F30200C8,1492424100000,291.00
F30200C8,1492425000000,239.00
F30200C8,1492425900000,119.00
F30200C8,1492426800000,132.00
F30200C8,1492427700000,144.00
F30200C8,1492428600000,145.00
F30200C8,1492429500000,145.00
F30200C8,1492430400000,361.00
F30200C8,1492431300000,477.00
F30200C8,1492432200000,423.00
F30200C8,1492433100000,355.00
F30200C8,1492434000000,234.00
F30200C8,1492434900000,95.00
F30200C8,1492435800000,191.00
F30200C8,1492436700000,113.00
F30200C8,1492437600000,71.00
F30200C8,1492438500000,130.00
F30200C8,1492439400000,126.00
F30200C8,1492440300000,90.00
F30200C8,1492441200000,139.00
F30200C8,1492442100000,94.00
F30200C8,1492443000000,117.00
F30200C8,1492443900000,106.00
F30200C8,1492444800000,132.00
F30200C8,1492445700000,88.00
F30200C8,1492446600000,112.00
F30200C8,1492447500000,92.00
F30200C8,1492448400000,84.00
F30200C8,1492449300000,221.00
F30200C8,1492450200000,381.00
F30200C8,1492451100000,346.00
F30200C8,1492452000000,360.00
F30200C8,1492452900000,363.00
F30200C8,1492453800000,346.00
F30200C8,1492454700000,319.00
F30200C8,1492455600000,353.00
F30200C8,1492456500000,427.00
F30200C8,1492457400000,408.00
F30200C8,1492458300000,318.00
F30200C8,1492459200000,333.00
F30200C8,1492460100000,361.00
F30200C8,1492461000000,237.00
F30200C8,1492461900000,59.00
F30200C8,1492462800000,79.00
F30200C8,1492463700000,35.00
F30200C8,1492464600000,33.00
F30200C8,1492465500000,109.00
F30200C8,1492466400000,142.00
F30200C8,1492467300000,124.00
F30200C8,1492468200000,104.00
F30200C8,1492469100000,84.00
F30200C8,1492470000000,115.00
F30200C8,1492470900000,227.00
F30200C8,1492471800000,149.00
F30200C8,1492472700000,107.00
F30200C8,1492473600000,114.00
F30200C8,1492474500000,250.00
F30200C8,1492475400000,304.00
F30200C8,1492476300000,175.00
F30200C8,1492477200000,129.00
F30200C8,1492478100000,318.00
F30200C8,1492479000000,291.00
F30200C8,1492479900000,90.00
F30200C8,1492480800000,107.00
F30200C8,1492481700000,74.00
F30200C8,1492482600000,72.00
F30200C8,1492483500000,114.00
F30200C8,1492484400000,59.00
F30200C8,1492485300000,57.00
F30200C8,1492486200000,57.00
F30200C8,1492487100000,43.00
F30200C8,1492488000000,35.00
F30200C8,1492488900000,38.00
F30200C8,1492489800000,91.00
F30200C8,1492490700000,58.00
F30200C8,1492491600000,59.00
F30200C8,1492492500000,37.00
F30200C8,1492493400000,38.00
F30200C8,1492494300000,42.00
F30200C8,1492495200000,58.00
F30200C8,1492496100000,83.00
F30200C8,1492497000000,131.00
F30200C8,1492497900000,34.00
F30200C8,1492498800000,31.00
F30200C8,1492499700000,41.00
F30200C8,1492500600000,57.00
F30200C8,1492501500000,57.00
F30200C8,1492502400000,40.00
F30200C8,1492503300000,34.00
F30200C8,1492504200000,33.00
F30200C8,1492505100000,213.00
F30200C8,1492506000000,133.00
F30200C8,1492506900000,121.00
F30200C8,1492507800000,120.00
F30200C8,1492508700000,85.00
F30200C8,1492509600000,91.00
F30200C8,1492510500000,109.00
F30200C8,1492511400000,107.00
F30200C8,1492512300000,55.00
F30200C8,1492513200000,95.00
F30200C8,1492514100000,155.00
F30200C8,1492515000000,138.00
F30200C8,1492515900000,129.00
F30200C8,1492516800000,334.00
F30200C8,1492517700000,462.00
F30200C8,1492518600000,373.00
F30200C8,1492519500000,397.00
F30200C8,1492520400000,306.00
F30200C8,1492521300000,215.00
F30200C8,1492522200000,145.00
F30200C8,1492523100000,138.00
F30200C8,1492524000000,156.00
F30200C8,1492524900000,119.00
F30200C8,1492525800000,128.00
F30200C8,1492526700000,135.00
F30200C8,1492527600000,153.00
F30200C8,1492528500000,164.00
F30200C8,1492529400000,150.00
F30200C8,1492530300000,130.00
F30200C8,1492531200000,140.00
F30200C8,1492532100000,139.00
F30200C8,1492533000000,133.00
F30200C8,1492533900000,120.00
F30200C8,1492534800000,98.00
F30200C8,1492535700000,116.00
F30200C8,1492536600000,78.00
F30200C8,1492537500000,113.00
F30200C8,1492538400000,204.00
F30200C8,1492539300000,418.00
F30200C8,1492540200000,405.00
F30200C8,1492541100000,381.00
F30200C8,1492542000000,328.00
F30200C8,1492542900000,404.00
F30200C8,1492543800000,410.00
F30200C8,1492544700000,373.00
F30200C8,1492545600000,375.00
F30200C8,1492546500000,389.00
F30200C8,1492547400000,394.00
F30200C8,1492548300000,242.00
F30200C8,1492549200000,78.00
F30200C8,1492550100000,109.00
F30200C8,1492551000000,139.00
F30200C8,1492551900000,108.00
F30200C8,1492552800000,168.00
F30200C8,1492553700000,208.00
F30200C8,1492554600000,169.00
F30200C8,1492555500000,162.00
F30200C8,1492556400000,159.00
F30200C8,1492557300000,152.00
F30200C8,1492558200000,149.00
F30200C8,1492559100000,150.00
F30200C8,1492560000000,124.00
F30200C8,1492560900000,96.00
F30200C8,1492561800000,199.00
F30200C8,1492562700000,447.00
F30200C8,1492563600000,537.00
F30200C8,1492564500000,365.00
F30200C8,1492565400000,440.00
F30200C8,1492566300000,157.00
F30200C8,1492567200000,112.00
F30200C8,1492568100000,93.00
F30200C8,1492569000000,148.00
F30200C8,1492569900000,240.00
F30200C8,1492570800000,104.00
F30200C8,1492571700000,85.00
F30200C8,1492572600000,96.00
F30200C8,1492573500000,95.00
F30200C8,1492574400000,94.00
F30200C8,1492575300000,81.00
F30200C8,1492576200000,84.00
F30200C8,1492577100000,107.00
F30200C8,1492578000000,69.00
F30200C8,1492578900000,84.00
F30200C8,1492579800000,97.00
F30200C8,1492580700000,199.00
F30200C8,1492581600000,189.00
F30200C8,1492582500000,208.00
F30200C8,1492583400000,210.00
F30200C8,1492584300000,116.00
F30200C8,1492585200000,97.00
F30200C8,1492586100000,116.00
F30200C8,1492587000000,152.00
F30200C8,1492587900000,485.00
F30200C8,1492588800000,339.00
F30200C8,1492589700000,137.00
F30200C8,1492590600000,124.00
F30200C8,1492591500000,84.00
F30200C8,1492592400000,78.00
F30200C8,1492593300000,58.00
F30200C8,1492594200000,99.00
F30200C8,1492595100000,201.00
F30200C8,1492596000000,215.00
F30200C8,1492596900000,150.00
F30200C8,1492597800000,126.00
F30200C8,1492598700000,126.00
F30200C8,1492599600000,120.00
F30200C8,1492600500000,179.00
F30200C8,1492601400000,150.00
F30200C8,1492602300000,155.00
F30200C8,1492603200000,387.00
F30200C8,1492604100000,445.00
F30200C8,1492605000000,424.00
F30200C8,1492605900000,381.00
F30200C8,1492606800000,422.00
F30200C8,1492607700000,171.00
F30200C8,1492608600000,98.00
F30200C8,1492609500000,118.00
F30200C8,1492610400000,143.00
F30200C8,1492611300000,109.00
F30200C8,1492612200000,147.00
F30200C8,1492613100000,98.00
F30200C8,1492614000000,78.00
F30200C8,1492614900000,91.00
F30200C8,1492615800000,73.00
F30200C8,1492616700000,107.00
F30200C8,1492617600000,144.00
F30200C8,1492618500000,190.00
F30200C8,1492619400000,91.00
F30200C8,1492620300000,107.00
F30200C8,1492621200000,128.00
F30200C8,1492622100000,91.00
F30200C8,1492623000000,112.00
F30200C8,1492623900000,38.00
F30200C8,1492624800000,111.00
F30200C8,1492625700000,374.00
F30200C8,1492626600000,467.00
F30200C8,1492627500000,429.00
F30200C8,1492628400000,385.00
F30200C8,1492629300000,410.00
F30200C8,1492630200000,380.00
F30200C8,1492631100000,383.00
F30200C8,1492632000000,402.00
F30200C8,1492632900000,411.00
F30200C8,1492633800000,339.00
F30200C8,1492634700000,353.00
F30200C8,1492635600000,92.00
F30200C8,1492636500000,82.00
F30200C8,1492637400000,118.00
F30200C8,1492638300000,54.00
F30200C8,1492639200000,188.00
F30200C8,1492640100000,231.00
F30200C8,1492641000000,331.00
F30200C8,1492641900000,281.00
F30200C8,1492642800000,254.00
F30200C8,1492643700000,188.00
F30200C8,1492644600000,273.00
F30200C8,1492645500000,367.00
F30200C8,1492646400000,289.00
F30200C8,1492647300000,119.00
F30200C8,1492648200000,154.00
F30200C8,1492649100000,165.00
F30200C8,1492650000000,142.00
F30200C8,1492650900000,136.00
F30200C8,1492651800000,288.00
F30200C8,1492652700000,176.00
F30200C8,1492653600000,140.00
F30200C8,1492654500000,164.00
F30200C8,1492655400000,169.00
F30200C8,1492656300000,82.00
F30200C8,1492657200000,88.00
F30200C8,1492658100000,61.00
F30200C8,1492659000000,78.00
F30200C8,1492659900000,211.00
F30200C8,1492660800000,188.00
F30200C8,1492661700000,180.00
F30200C8,1492662600000,225.00
F30200C8,1492663500000,146.00
F30200C8,1492664400000,107.00
F30200C8,1492665300000,125.00
F30200C8,1492666200000,87.00
F30200C8,1492667100000,115.00
F30200C8,1492668000000,126.00
F30200C8,1492668900000,120.00
F30200C8,1492669800000,89.00
F30200C8,1492670700000,64.00
F30200C8,1492671600000,60.00
F30200C8,1492672500000,116.00
F30200C8,1492673400000,77.00
F30200C8,1492674300000,82.00
F30200C8,1492675200000,124.00
F30200C8,1492676100000,94.00
F30200C8,1492677000000,78.00
F30200C8,1492677900000,171.00
F30200C8,1492678800000,121.00
F30200C8,1492679700000,126.00
F30200C8,1492680600000,162.00
F30200C8,1492681500000,288.00
F30200C8,1492682400000,172.00
F30200C8,1492683300000,136.00
F30200C8,1492684200000,93.00
F30200C8,1492685100000,281.00
F30200C8,1492686000000,156.00
F30200C8,1492686900000,132.00
F30200C8,1492687800000,168.00
F30200C8,1492688700000,118.00
F30200C8,1492689600000,131.00
F30200C8,1492690500000,219.00
F30200C8,1492691400000,246.00
F30200C8,1492692300000,256.00
F30200C8,1492693200000,297.00
F30200C8,1492694100000,249.00
F30200C8,1492695000000,213.00
F30200C8,1492695900000,242.00
F30200C8,1492696800000,443.00
F30200C8,1492697700000,490.00
F30200C8,1492698600000,486.00
F30200C8,1492699500000,436.00
F30200C8,1492700400000,206.00
F30200C8,1492701300000,159.00
F30200C8,1492702200000,139.00
F30200C8,1492703100000,177.00
F30200C8,1492704000000,167.00
F30200C8,1492704900000,110.00
F30200C8,1492705800000,132.00
F30200C8,1492706700000,35.00
F30200C8,1492707600000,41.00
F30200C8,1492708500000,96.00
F30200C8,1492709400000,156.00
F30200C8,1492710300000,125.00
F30200C8,1492711200000,185.00
F30200C8,1492712100000,402.00
F30200C8,1492713000000,413.00
F30200C8,1492713900000,453.00
F30200C8,1492714800000,414.00
F30200C8,1492715700000,392.00
F30200C8,1492716600000,391.00
F30200C8,1492717500000,395.00
F30200C8,1492718400000,416.00
F30200C8,1492719300000,428.00
F30200C8,1492720200000,459.00
F30200C8,1492721100000,322.00
F30200C8,1492722000000,103.00
F30200C8,1492722900000,112.00
F30200C8,1492723800000,133.00
F30200C8,1492724700000,150.00
F30200C8,1492725600000,182.00
F30200C8,1492726500000,154.00
F30200C8,1492727400000,271.00
F30200C8,1492728300000,227.00
F30200C8,1492729200000,150.00
F30200C8,1492730100000,112.00
F30200C8,1492731000000,169.00
F30200C8,1492731900000,199.00
F30200C8,1492732800000,442.00
F30200C8,1492733700000,405.00
F30200C8,1492734600000,345.00
F30200C8,1492735500000,169.00
F30200C8,1492736400000,174.00
F30200C8,1492737300000,168.00
F30200C8,1492738200000,59.00
F30200C8,1492739100000,47.00
F30200C8,1492740000000,62.00
F30200C8,1492740900000,59.00
F30200C8,1492741800000,43.00
F30200C8,1492742700000,34.00
F30200C8,1492743600000,33.00
F30200C8,1492744500000,54.00
F30200C8,1492745400000,56.00
F30200C8,1492746300000,51.00
F30200C8,1492747200000,33.00
F30200C8,1492748100000,33.00
F30200C8,1492749000000,44.00
F30200C8,1492749900000,72.00
F30200C8,1492750800000,184.00
F30200C8,1492751700000,167.00
F30200C8,1492752600000,166.00
F30200C8,1492753500000,170.00
F30200C8,1492754400000,188.00
F30200C8,1492755300000,189.00
F30200C8,1492756200000,172.00
F30200C8,1492757100000,165.00
F30200C8,1492758000000,164.00
F30200C8,1492758900000,186.00
F30200C8,1492759800000,189.00
F30200C8,1492760700000,108.00
F30200C8,1492761600000,60.00
F30200C8,1492762500000,176.00
F30200C8,1492763400000,137.00
F30200C8,1492764300000,279.00
F30200C8,1492765200000,142.00
F30200C8,1492766100000,90.00
F30200C8,1492767000000,63.00
F30200C8,1492767900000,54.00
F30200C8,1492768800000,72.00
F30200C8,1492769700000,143.00
F30200C8,1492770600000,192.00
F30200C8,1492771500000,153.00
F30200C8,1492772400000,167.00
F30200C8,1492773300000,139.00
F30200C8,1492774200000,113.00
F30200C8,1492775100000,78.00
F30200C8,1492776000000,140.00
F30200C8,1492776900000,141.00
F30200C8,1492777800000,150.00
F30200C8,1492778700000,249.00
F30200C8,1492779600000,97.00
F30200C8,1492780500000,347.00
F30200C8,1492781400000,375.00
F30200C8,1492782300000,491.00
F30200C8,1492783200000,535.00
F30200C8,1492784100000,489.00
F30200C8,1492785000000,210.00
F30200C8,1492785900000,266.00
F30200C8,1492786800000,305.00
F30200C8,1492787700000,255.00
F30200C8,1492788600000,119.00
F30200C8,1492789500000,64.00
F30200C8,1492790400000,104.00
F30200C8,1492791300000,61.00
F30200C8,1492792200000,55.00
F30200C8,1492793100000,70.00
F30200C8,1492794000000,75.00
F30200C8,1492794900000,58.00
F30200C8,1492795800000,84.00
F30200C8,1492796700000,36.00
F30200C8,1492797600000,38.00
F30200C8,1492798500000,306.00
F30200C8,1492799400000,426.00
F30200C8,1492800300000,441.00
F30200C8,1492801200000,375.00
F30200C8,1492802100000,407.00
F30200C8,1492803000000,415.00
F30200C8,1492803900000,439.00
F30200C8,1492804800000,365.00
F30200C8,1492805700000,357.00
F30200C8,1492806600000,384.00
F30200C8,1492807500000,233.00
F30200C8,1492808400000,117.00
F30200C8,1492809300000,51.00
F30200C8,1492810200000,64.00
F30200C8,1492811100000,61.00
F30200C8,1492812000000,92.00
F30200C8,1492812900000,108.00
F30200C8,1492813800000,338.00
F30200C8,1492814700000,270.00
F30200C8,1492815600000,152.00
F30200C8,1492816500000,226.00
F30200C8,1492817400000,51.00
F30200C8,1492818300000,86.00
F30200C8,1492819200000,98.00
F30200C8,1492820100000,95.00
F30200C8,1492821000000,95.00
F30200C8,1492821900000,118.00
F30200C8,1492822800000,119.00
F30200C8,1492823700000,144.00
F30200C8,1492824600000,51.00
F30200C8,1492825500000,42.00
F30200C8,1492826400000,35.00
F30200C8,1492827300000,54.00
F30200C8,1492828200000,59.00
F30200C8,1492829100000,49.00
F30200C8,1492830000000,35.00
F30200C8,1492830900000,36.00
F30200C8,1492831800000,49.00
F30200C8,1492832700000,57.00
F30200C8,1492833600000,53.00
F30200C8,1492834500000,35.00
F30200C8,1492835400000,35.00
F30200C8,1492836300000,47.00
F30200C8,1492837200000,63.00
F30200C8,1492838100000,57.00
F30200C8,1492839000000,40.00
F30200C8,1492839900000,39.00
F30200C8,1492840800000,44.00
F30200C8,1492841700000,58.00
F30200C8,1492842600000,58.00
F30200C8,1492843500000,36.00
F30200C8,1492844400000,67.00
F30200C8,1492845300000,40.00
F30200C8,1492846200000,58.00
F30200C8,1492847100000,58.00
F30200C8,1492848000000,72.00
F30200C8,1492848900000,94.00
F30200C8,1492849800000,382.00
F30200C8,1492850700000,365.00
F30200C8,1492851600000,345.00
F30200C8,1492852500000,336.00
F30200C8,1492853400000,342.00
F30200C8,1492854300000,219.00
F30200C8,1492855200000,329.00
F30200C8,1492856100000,310.00
F30200C8,1492857000000,367.00
F30200C8,1492857900000,267.00
F30200C8,1492858800000,355.00
F30200C8,1492859700000,527.00
F30200C8,1492860600000,450.00
F30200C8,1492861500000,302.00
F30200C8,1492862400000,279.00
F30200C8,1492863300000,371.00
F30200C8,1492864200000,230.00
F30200C8,1492865100000,277.00
F30200C8,1492866000000,337.00
F30200C8,1492866900000,382.00
F30200C8,1492867800000,671.00
F30200C8,1492868700000,562.00
F30200C8,1492869600000,307.00
F30200C8,1492870500000,260.00
F30200C8,1492871400000,292.00
F30200C8,1492872300000,313.00
F30200C8,1492873200000,203.00
F30200C8,1492874100000,202.00
F30200C8,1492875000000,223.00
F30200C8,1492875900000,225.00
F30200C8,1492876800000,126.00
F30200C8,1492877700000,113.00
F30200C8,1492878600000,168.00
F30200C8,1492879500000,81.00
F30200C8,1492880400000,121.00
F30200C8,1492881300000,127.00
F30200C8,1492882200000,266.00
F30200C8,1492883100000,459.00
F30200C8,1492884000000,462.00
F30200C8,1492884900000,472.00
F30200C8,1492885800000,474.00
F30200C8,1492886700000,455.00
F30200C8,1492887600000,482.00
F30200C8,1492888500000,429.00
F30200C8,1492889400000,425.00
F30200C8,1492890300000,535.00
F30200C8,1492891200000,539.00
F30200C8,1492892100000,531.00
F30200C8,1492893000000,508.00
F30200C8,1492893900000,98.00
F30200C8,1492894800000,109.00
F30200C8,1492895700000,130.00
F30200C8,1492896600000,100.00
F30200C8,1492897500000,58.00
F30200C8,1492898400000,65.00
F30200C8,1492899300000,64.00
F30200C8,1492900200000,54.00
F30200C8,1492901100000,39.00
F30200C8,1492902000000,73.00
F30200C8,1492902900000,180.00
F30200C8,1492903800000,98.00
F30200C8,1492904700000,157.00
F30200C8,1492905600000,159.00
F30200C8,1492906500000,207.00
F30200C8,1492907400000,107.00
F30200C8,1492908300000,77.00
F30200C8,1492909200000,83.00
F30200C8,1492910100000,133.00
F30200C8,1492911000000,127.00
F30200C8,1492911900000,103.00
F30200C8,1492912800000,235.00
F30200C8,1492913700000,63.00
F30200C8,1492914600000,39.00
F30200C8,1492915500000,42.00
F30200C8,1492916400000,61.00
F30200C8,1492917300000,86.00
F30200C8,1492918200000,61.00
F30200C8,1492919100000,49.00
F30200C8,1492920000000,38.00
F30200C8,1492920900000,37.00
F30200C8,1492921800000,40.00
F30200C8,1492922700000,60.00
F30200C8,1492923600000,62.00
F30200C8,1492924500000,60.00
F30200C8,1492925400000,94.00
F30200C8,1492926300000,38.00
F30200C8,1492927200000,36.00
F30200C8,1492928100000,89.00
F30200C8,1492929000000,60.00
F30200C8,1492929900000,61.00
F30200C8,1492930800000,53.00
F30200C8,1492931700000,37.00
F30200C8,1492932600000,36.00
F30200C8,1492933500000,37.00
F30200C8,1492934400000,56.00
F30200C8,1492935300000,101.00
F30200C8,1492936200000,58.00
F30200C8,1492937100000,110.00
F30200C8,1492938000000,62.00
F30200C8,1492938900000,129.00
F30200C8,1492939800000,439.00
F30200C8,1492940700000,294.00
F30200C8,1492941600000,374.00
F30200C8,1492942500000,274.00
F30200C8,1492943400000,272.00
F30200C8,1492944300000,297.00
F30200C8,1492945200000,312.00
F30200C8,1492946100000,291.00
F30200C8,1492947000000,292.00
F30200C8,1492947900000,212.00
F30200C8,1492948800000,196.00
F30200C8,1492949700000,221.00
F30200C8,1492950600000,483.00
F30200C8,1492951500000,456.00
F30200C8,1492952400000,470.00
F30200C8,1492953300000,611.00
F30200C8,1492954200000,343.00
F30200C8,1492955100000,299.00
F30200C8,1492956000000,403.00
F30200C8,1492956900000,235.00
F30200C8,1492957800000,151.00
F30200C8,1492958700000,149.00
F30200C8,1492959600000,173.00
F30200C8,1492960500000,164.00
F30200C8,1492961400000,151.00
F30200C8,1492962300000,75.00
F30200C8,1492963200000,93.00
F30200C8,1492964100000,166.00
F30200C8,1492965000000,125.00
F30200C8,1492965900000,158.00
F30200C8,1492966800000,156.00
F30200C8,1492967700000,172.00
F30200C8,1492968600000,172.00
F30200C8,1492969500000,171.00
F30200C8,1492970400000,150.00
F30200C8,1492971300000,440.00
F30200C8,1492972200000,466.00
F30200C8,1492973100000,467.00
F30200C8,1492974000000,533.00
F30200C8,1492974900000,457.00
F30200C8,1492975800000,487.00
F30200C8,1492976700000,442.00
F30200C8,1492977600000,455.00
F30200C8,1492978500000,515.00
F30200C8,1492979400000,459.00
F30200C8,1492980300000,132.00
F30200C8,1492981200000,145.00
F30200C8,1492982100000,192.00
F30200C8,1492983000000,120.00
F30200C8,1492983900000,147.00
F30200C8,1492984800000,181.00
F30200C8,1492985700000,118.00
F30200C8,1492986600000,67.00
F30200C8,1492987500000,36.00
F30200C8,1492988400000,138.00
F30200C8,1492989300000,268.00
F30200C8,1492990200000,120.00
F30200C8,1492991100000,293.00
F30200C8,1492992000000,184.00
F30200C8,1492992900000,291.00
F30200C8,1492993800000,263.00
F30200C8,1492994700000,169.00
F30200C8,1492995600000,107.00
F30200C8,1492996500000,73.00
F30200C8,1492997400000,189.00
F30200C8,1492998300000,70.00
F30200C8,1492999200000,212.00
F30200C8,1493000100000,92.00
F30200C8,1493001000000,75.00
F30200C8,1493001900000,71.00
F30200C8,1493002800000,72.00
F30200C8,1493003700000,113.00
F30200C8,1493004600000,83.00
F30200C8,1493005500000,66.00
F30200C8,1493006400000,42.00
F30200C8,1493007300000,112.00
F30200C8,1493008200000,143.00
F30200C8,1493009100000,209.00
F30200C8,1493010000000,192.00
F30200C8,1493010900000,188.00
F30200C8,1493011800000,167.00
F30200C8,1493012700000,165.00
F30200C8,1493013600000,167.00
F30200C8,1493014500000,483.00
F30200C8,1493015400000,187.00
F30200C8,1493016300000,178.00
F30200C8,1493017200000,67.00
F30200C8,1493018100000,57.00
F30200C8,1493019000000,83.00
F30200C8,1493019900000,79.00
F30200C8,1493020800000,41.00
F30200C8,1493021700000,407.00
F30200C8,1493022600000,212.00
F30200C8,1493023500000,172.00
F30200C8,1493024400000,155.00
F30200C8,1493025300000,192.00
F30200C8,1493026200000,220.00
F30200C8,1493027100000,194.00
F30200C8,1493028000000,196.00
F30200C8,1493028900000,148.00
F30200C8,1493029800000,282.00
F30200C8,1493030700000,137.00
F30200C8,1493031600000,102.00
F30200C8,1493032500000,65.00
F30200C8,1493033400000,70.00
F30200C8,1493034300000,194.00
F30200C8,1493035200000,232.00
F30200C8,1493036100000,240.00
F30200C8,1493037000000,240.00
F30200C8,1493037900000,266.00
F30200C8,1493038800000,270.00
F30200C8,1493039700000,264.00
F30200C8,1493040600000,233.00
F30200C8,1493041500000,232.00
F30200C8,1493042400000,219.00
F30200C8,1493043300000,189.00
F30200C8,1493044200000,219.00
F30200C8,1493045100000,178.00
F30200C8,1493046000000,173.00
F30200C8,1493046900000,156.00
F30200C8,1493047800000,106.00
F30200C8,1493048700000,88.00
F30200C8,1493049600000,183.00
F30200C8,1493050500000,228.00
F30200C8,1493051400000,147.00
F30200C8,1493052300000,134.00
F30200C8,1493053200000,106.00
F30200C8,1493054100000,237.00
F30200C8,1493055000000,458.00
F30200C8,1493055900000,393.00
F30200C8,1493056800000,434.00
F30200C8,1493057700000,387.00
F30200C8,1493058600000,393.00
F30200C8,1493059500000,414.00
F30200C8,1493060400000,442.00
F30200C8,1493061300000,410.00
F30200C8,1493062200000,354.00
F30200C8,1493063100000,377.00
F30200C8,1493064000000,411.00
F30200C8,1493064900000,411.00
F30200C8,1493065800000,429.00
F30200C8,1493066700000,299.00
F30200C8,1493067600000,109.00
F30200C8,1493068500000,86.00
F30200C8,1493069400000,68.00
F30200C8,1493070300000,74.00
F30200C8,1493071200000,60.00
F30200C8,1493072100000,230.00
F30200C8,1493073000000,117.00
F30200C8,1493073900000,169.00
F30200C8,1493074800000,111.00
F30200C8,1493075700000,106.00
F30200C8,1493076600000,165.00
F30200C8,1493077500000,149.00
F30200C8,1493078400000,361.00
F30200C8,1493079300000,249.00
F30200C8,1493080200000,230.00
F30200C8,1493081100000,278.00
F30200C8,1493082000000,195.00
F30200C8,1493082900000,140.00
F30200C8,1493083800000,206.00
F30200C8,1493084700000,214.00
F30200C8,1493085600000,213.00
F30200C8,1493086500000,111.00
F30200C8,1493087400000,118.00
F30200C8,1493088300000,166.00
F30200C8,1493089200000,171.00
F30200C8,1493090100000,76.00
F30200C8,1493091000000,55.00
F30200C8,1493091900000,44.00
F30200C8,1493092800000,43.00
F30200C8,1493093700000,58.00
F30200C8,1493094600000,54.00
F30200C8,1493095500000,32.00
F30200C8,1493096400000,191.00
F30200C8,1493097300000,224.00
F30200C8,1493098200000,188.00
F30200C8,1493099100000,173.00
F30200C8,1493100000000,189.00
F30200C8,1493100900000,186.00
F30200C8,1493101800000,193.00
F30200C8,1493102700000,170.00
F30200C8,1493103600000,68.00
F30200C8,1493104500000,121.00
F30200C8,1493105400000,50.00
F30200C8,1493106300000,64.00
F30200C8,1493107200000,77.00
F30200C8,1493108100000,258.00
F30200C8,1493109000000,301.00
F30200C8,1493109900000,142.00
F30200C8,1493110800000,83.00
F30200C8,1493111700000,77.00
F30200C8,1493112600000,42.00
F30200C8,1493113500000,46.00
F30200C8,1493114400000,64.00
F30200C8,1493115300000,136.00
F30200C8,1493116200000,91.00
F30200C8,1493117100000,50.00
F30200C8,1493118000000,95.00
F30200C8,1493118900000,150.00
F30200C8,1493119800000,169.00
F30200C8,1493120700000,138.00
F30200C8,1493121600000,311.00
F30200C8,1493122500000,445.00
F30200C8,1493123400000,378.00
F30200C8,1493124300000,404.00
F30200C8,1493125200000,275.00
F30200C8,1493126100000,163.00
F30200C8,1493127000000,184.00
F30200C8,1493127900000,238.00
F30200C8,1493128800000,182.00
F30200C8,1493129700000,139.00
F30200C8,1493130600000,67.00
F30200C8,1493131500000,124.00
F30200C8,1493132400000,235.00
F30200C8,1493133300000,168.00
F30200C8,1493134200000,117.00
F30200C8,1493135100000,106.00
F30200C8,1493136000000,98.00
F30200C8,1493136900000,129.00
F30200C8,1493137800000,144.00
F30200C8,1493138700000,136.00
F30200C8,1493139600000,98.00
F30200C8,1493140500000,75.00
F30200C8,1493141400000,82.00
F30200C8,1493142300000,128.00
F30200C8,1493143200000,329.00
F30200C8,1493144100000,370.00
F30200C8,1493145000000,363.00
F30200C8,1493145900000,351.00
F30200C8,1493146800000,358.00
F30200C8,1493147700000,377.00
F30200C8,1493148600000,346.00
F30200C8,1493149500000,335.00
F30200C8,1493150400000,364.00
F30200C8,1493151300000,363.00
F30200C8,1493152200000,357.00
F30200C8,1493153100000,215.00
F30200C8,1493154000000,34.00
F30200C8,1493154900000,100.00
F30200C8,1493155800000,113.00
F30200C8,1493156700000,210.00
F30200C8,1493157600000,171.00
F30200C8,1493158500000,233.00
F30200C8,1493159400000,220.00
F30200C8,1493160300000,189.00
F30200C8,1493161200000,190.00
F30200C8,1493162100000,163.00
F30200C8,1493163000000,194.00
F30200C8,1493163900000,200.00
F30200C8,1493164800000,130.00
F30200C8,1493165700000,70.00
F30200C8,1493166600000,71.00
F30200C8,1493167500000,163.00
F30200C8,1493168400000,312.00
F30200C8,1493169300000,161.00
F30200C8,1493170200000,159.00
F30200C8,1493171100000,113.00
F30200C8,1493172000000,348.00
F30200C8,1493172900000,94.00
F30200C8,1493173800000,138.00
F30200C8,1493174700000,197.00
F30200C8,1493175600000,64.00
F30200C8,1493176500000,56.00
F30200C8,1493177400000,57.00
F30200C8,1493178300000,48.00
F30200C8,1493179200000,95.00
F30200C8,1493180100000,237.00
F30200C8,1493181000000,189.00
F30200C8,1493181900000,181.00
F30200C8,1493182800000,166.00
F30200C8,1493183700000,164.00
F30200C8,1493184600000,177.00
F30200C8,1493185500000,189.00
F30200C8,1493186400000,155.00
F30200C8,1493187300000,67.00
F30200C8,1493188200000,71.00
F30200C8,1493189100000,68.00
F30200C8,1493190000000,66.00
F30200C8,1493190900000,78.00
F30200C8,1493191800000,109.00
F30200C8,1493192700000,79.00
F30200C8,1493193600000,75.00
F30200C8,1493194500000,54.00
F30200C8,1493195400000,118.00
F30200C8,1493196300000,139.00
F30200C8,1493197200000,203.00
F30200C8,1493198100000,360.00
F30200C8,1493199000000,162.00
F30200C8,1493199900000,126.00
F30200C8,1493200800000,228.00
F30200C8,1493201700000,118.00
F30200C8,1493202600000,121.00
F30200C8,1493203500000,126.00
F30200C8,1493204400000,97.00
F30200C8,1493205300000,42.00
F30200C8,1493206200000,36.00
F30200C8,1493207100000,56.00
F30200C8,1493208000000,59.00
F30200C8,1493208900000,96.00
F30200C8,1493209800000,107.00
F30200C8,1493210700000,123.00
F30200C8,1493211600000,109.00
F30200C8,1493212500000,235.00
F30200C8,1493213400000,244.00
F30200C8,1493214300000,225.00
F30200C8,1493215200000,204.00
F30200C8,1493216100000,202.00
F30200C8,1493217000000,124.00
F30200C8,1493217900000,90.00
F30200C8,1493218800000,142.00
F30200C8,1493219700000,115.00
F30200C8,1493220600000,85.00
F30200C8,1493221500000,98.00
F30200C8,1493222400000,89.00
F30200C8,1493223300000,88.00
F30200C8,1493224200000,102.00
F30200C8,1493225100000,72.00
F30200C8,1493226000000,50.00
F30200C8,1493226900000,80.00
F30200C8,1493227800000,54.00
F30200C8,1493228700000,274.00
F30200C8,1493229600000,380.00
F30200C8,1493230500000,345.00
F30200C8,1493231400000,352.00
F30200C8,1493232300000,454.00
F30200C8,1493233200000,418.00
F30200C8,1493234100000,390.00
F30200C8,1493235000000,387.00
F30200C8,1493235900000,365.00
F30200C8,1493236800000,384.00
F30200C8,1493237700000,395.00
F30200C8,1493238600000,375.00
F30200C8,1493239500000,115.00
F30200C8,1493240400000,78.00
F30200C8,1493241300000,105.00
F30200C8,1493242200000,109.00
F30200C8,1493243100000,63.00
F30200C8,1493244000000,91.00
F30200C8,1493244900000,136.00
F30200C8,1493245800000,225.00
F30200C8,1493246700000,217.00
F30200C8,1493247600000,173.00
F30200C8,1493248500000,192.00
F30200C8,1493249400000,166.00
F30200C8,1493250300000,63.00
F30200C8,1493251200000,94.00
F30200C8,1493252100000,117.00
F30200C8,1493253000000,74.00
F30200C8,1493253900000,85.00
F30200C8,1493254800000,106.00
F30200C8,1493255700000,71.00
F30200C8,1493256600000,74.00
F30200C8,1493257500000,105.00
F30200C8,1493258400000,57.00
F30200C8,1493259300000,36.00
F30200C8,1493260200000,32.00
F30200C8,1493261100000,34.00
F30200C8,1493262000000,42.00
F30200C8,1493262900000,57.00
F30200C8,1493263800000,195.00
F30200C8,1493264700000,51.00
F30200C8,1493265600000,33.00
F30200C8,1493266500000,32.00
F30200C8,1493267400000,32.00
F30200C8,1493268300000,53.00
F30200C8,1493269200000,61.00
F30200C8,1493270100000,114.00
F30200C8,1493271000000,49.00
F30200C8,1493271900000,37.00
F30200C8,1493272800000,33.00
F30200C8,1493273700000,33.00
F30200C8,1493274600000,83.00
F30200C8,1493275500000,189.00
F30200C8,1493276400000,181.00
F30200C8,1493277300000,218.00
F30200C8,1493278200000,245.00
F30200C8,1493279100000,192.00
F30200C8,1493280000000,175.00
F30200C8,1493280900000,127.00
F30200C8,1493281800000,81.00
F30200C8,1493282700000,84.00
F30200C8,1493283600000,169.00
F30200C8,1493284500000,194.00
F30200C8,1493285400000,203.00
F30200C8,1493286300000,154.00
F30200C8,1493287200000,117.00
F30200C8,1493288100000,161.00
F30200C8,1493289000000,182.00
F30200C8,1493289900000,144.00
F30200C8,1493290800000,134.00
F30200C8,1493291700000,144.00
F30200C8,1493292600000,133.00
F30200C8,1493293500000,165.00
F30200C8,1493294400000,139.00
F30200C8,1493295300000,270.00
F30200C8,1493296200000,252.00
F30200C8,1493297100000,207.00
F30200C8,1493298000000,260.00
F30200C8,1493298900000,214.00
F30200C8,1493299800000,193.00
F30200C8,1493300700000,238.00
F30200C8,1493301600000,287.00
F30200C8,1493302500000,261.00
F30200C8,1493303400000,406.00
F30200C8,1493304300000,249.00
F30200C8,1493305200000,75.00
F30200C8,1493306100000,71.00
F30200C8,1493307000000,108.00
F30200C8,1493307900000,142.00
F30200C8,1493308800000,122.00
F30200C8,1493309700000,117.00
F30200C8,1493310600000,125.00
F30200C8,1493311500000,117.00
F30200C8,1493312400000,117.00
F30200C8,1493313300000,60.00
F30200C8,1493314200000,100.00
F30200C8,1493315100000,409.00
F30200C8,1493316000000,392.00
F30200C8,1493316900000,397.00
F30200C8,1493317800000,413.00
F30200C8,1493318700000,439.00
F30200C8,1493319600000,466.00
F30200C8,1493320500000,466.00
F30200C8,1493321400000,403.00
F30200C8,1493322300000,350.00
F30200C8,1493323200000,423.00
F30200C8,1493324100000,463.00
F30200C8,1493325000000,400.00
F30200C8,1493325900000,372.00
F30200C8,1493326800000,100.00
F30200C8,1493327700000,113.00
F30200C8,1493328600000,100.00
F30200C8,1493329500000,126.00
F30200C8,1493330400000,39.00
F30200C8,1493331300000,38.00
F30200C8,1493332200000,52.00
F30200C8,1493333100000,150.00
F30200C8,1493334000000,241.00
F30200C8,1493334900000,145.00
F30200C8,1493335800000,168.00
F30200C8,1493336700000,204.00
F30200C8,1493337600000,54.00
F30200C8,1493338500000,61.00
F30200C8,1493339400000,72.00
F30200C8,1493340300000,102.00
F30200C8,1493341200000,65.00
F30200C8,1493342100000,79.00
F30200C8,1493343000000,98.00
F30200C8,1493343900000,77.00
F30200C8,1493344800000,61.00
F30200C8,1493345700000,58.00
F30200C8,1493346600000,57.00
F30200C8,1493347500000,69.00
F30200C8,1493348400000,48.00
F30200C8,1493349300000,65.00
F30200C8,1493350200000,69.00
F30200C8,1493351100000,52.00
F30200C8,1493352000000,88.00
F30200C8,1493352900000,57.00
F30200C8,1493353800000,73.00
F30200C8,1493354700000,83.00
F30200C8,1493355600000,87.00
F30200C8,1493356500000,52.00
F30200C8,1493357400000,72.00
F30200C8,1493358300000,160.00
F30200C8,1493359200000,180.00
F30200C8,1493360100000,187.00
F30200C8,1493361000000,188.00
F30200C8,1493361900000,177.00
F30200C8,1493362800000,93.00
F30200C8,1493363700000,69.00
F30200C8,1493364600000,114.00
F30200C8,1493365500000,90.00
F30200C8,1493366400000,155.00
F30200C8,1493367300000,113.00
F30200C8,1493368200000,107.00
F30200C8,1493369100000,161.00
F30200C8,1493370000000,186.00
F30200C8,1493370900000,164.00
F30200C8,1493371800000,205.00
F30200C8,1493372700000,266.00
F30200C8,1493373600000,75.00
F30200C8,1493374500000,102.00
F30200C8,1493375400000,117.00
F30200C8,1493376300000,145.00
F30200C8,1493377200000,162.00
F30200C8,1493378100000,121.00
F30200C8,1493379000000,146.00
F30200C8,1493379900000,44.00
F30200C8,1493380800000,64.00
F30200C8,1493381700000,66.00
F30200C8,1493382600000,66.00
F30200C8,1493383500000,65.00
F30200C8,1493384400000,80.00
F30200C8,1493385300000,269.00
F30200C8,1493386200000,400.00
F30200C8,1493387100000,383.00
F30200C8,1493388000000,388.00
F30200C8,1493388900000,331.00
F30200C8,1493389800000,116.00
F30200C8,1493390700000,201.00
F30200C8,1493391600000,203.00
F30200C8,1493392500000,186.00
F30200C8,1493393400000,153.00
F30200C8,1493394300000,163.00
F30200C8,1493395200000,156.00
F30200C8,1493396100000,132.00
F30200C8,1493397000000,104.00
F30200C8,1493397900000,86.00
F30200C8,1493398800000,113.00
F30200C8,1493399700000,76.00
F30200C8,1493400600000,107.00
F30200C8,1493401500000,61.00
F30200C8,1493402400000,71.00
F30200C8,1493403300000,178.00
F30200C8,1493404200000,376.00
F30200C8,1493405100000,364.00
F30200C8,1493406000000,350.00
F30200C8,1493406900000,386.00
F30200C8,1493407800000,381.00
F30200C8,1493408700000,353.00
F30200C8,1493409600000,363.00
F30200C8,1493410500000,370.00
F30200C8,1493411400000,379.00
F30200C8,1493412300000,348.00
F30200C8,1493413200000,62.00
F30200C8,1493414100000,341.00
F30200C8,1493415000000,190.00
F30200C8,1493415900000,215.00
F30200C8,1493416800000,206.00
F30200C8,1493417700000,185.00
F30200C8,1493418600000,215.00
F30200C8,1493419500000,86.00
F30200C8,1493420400000,60.00
F30200C8,1493421300000,58.00
F30200C8,1493422200000,151.00
F30200C8,1493423100000,253.00
F30200C8,1493424000000,235.00
F30200C8,1493424900000,257.00
F30200C8,1493425800000,290.00
F30200C8,1493426700000,286.00
F30200C8,1493427600000,295.00
F30200C8,1493428500000,73.00
F30200C8,1493429400000,56.00
F30200C8,1493430300000,38.00
F30200C8,1493431200000,36.00
F30200C8,1493432100000,106.00
F30200C8,1493433000000,164.00
F30200C8,1493433900000,75.00
F30200C8,1493434800000,33.00
F30200C8,1493435700000,33.00
F30200C8,1493436600000,36.00
F30200C8,1493437500000,57.00
F30200C8,1493438400000,57.00
F30200C8,1493439300000,42.00
F30200C8,1493440200000,34.00
F30200C8,1493441100000,34.00
F30200C8,1493442000000,47.00
F30200C8,1493442900000,57.00
F30200C8,1493443800000,56.00
F30200C8,1493444700000,34.00
F30200C8,1493445600000,32.00
F30200C8,1493446500000,35.00
F30200C8,1493447400000,52.00
F30200C8,1493448300000,56.00
F30200C8,1493449200000,50.00
F30200C8,1493450100000,33.00
F30200C8,1493451000000,33.00
F30200C8,1493451900000,36.00
F30200C8,1493452800000,122.00
F30200C8,1493453700000,173.00
F30200C8,1493454600000,286.00
F30200C8,1493455500000,386.00
F30200C8,1493456400000,241.00
F30200C8,1493457300000,205.00
F30200C8,1493458200000,384.00
F30200C8,1493459100000,178.00
F30200C8,1493460000000,203.00
F30200C8,1493460900000,128.00
F30200C8,1493461800000,308.00
F30200C8,1493462700000,417.00
F30200C8,1493463600000,444.00
F30200C8,1493464500000,425.00
F30200C8,1493465400000,512.00
F30200C8,1493466300000,318.00
F30200C8,1493467200000,227.00
F30200C8,1493468100000,228.00
F30200C8,1493469000000,239.00
F30200C8,1493469900000,199.00
F30200C8,1493470800000,179.00
F30200C8,1493471700000,290.00
F30200C8,1493472600000,267.00
F30200C8,1493473500000,263.00
F30200C8,1493474400000,226.00
F30200C8,1493475300000,175.00
F30200C8,1493476200000,114.00
F30200C8,1493477100000,186.00
F30200C8,1493478000000,197.00
F30200C8,1493478900000,203.00
F30200C8,1493479800000,133.00
F30200C8,1493480700000,173.00
F30200C8,1493481600000,268.00
F30200C8,1493482500000,181.00
F30200C8,1493483400000,112.00
F30200C8,1493484300000,47.00
F30200C8,1493485200000,65.00
F30200C8,1493486100000,121.00
F30200C8,1493487000000,71.00
F30200C8,1493487900000,239.00
F30200C8,1493488800000,334.00
F30200C8,1493489700000,344.00
F30200C8,1493490600000,379.00
F30200C8,1493491500000,338.00
F30200C8,1493492400000,353.00
F30200C8,1493493300000,400.00
F30200C8,1493494200000,427.00
F30200C8,1493495100000,375.00
F30200C8,1493496000000,377.00
F30200C8,1493496900000,358.00
F30200C8,1493497800000,350.00
F30200C8,1493498700000,375.00
F30200C8,1493499600000,60.00
F30200C8,1493500500000,46.00
F30200C8,1493501400000,81.00
F30200C8,1493502300000,161.00
F30200C8,1493503200000,172.00
F30200C8,1493504100000,162.00
F30200C8,1493505000000,107.00
F30200C8,1493505900000,174.00
F30200C8,1493506800000,162.00
F30200C8,1493507700000,87.00
F30200C8,1493508600000,96.00
F30200C8,1493509500000,73.00
F30200C8,1493510400000,95.00
F30200C8,1493511300000,80.00
F30200C8,1493512200000,70.00
F30200C8,1493513100000,63.00
F30200C8,1493514000000,39.00
F30200C8,1493514900000,33.00
F30200C8,1493515800000,54.00
F30200C8,1493516700000,58.00
F30200C8,1493517600000,48.00
F30200C8,1493518500000,33.00
F30200C8,1493519400000,33.00
F30200C8,1493520300000,56.00
F30200C8,1493521200000,58.00
F30200C8,1493522100000,44.00
F30200C8,1493523000000,34.00
F30200C8,1493523900000,34.00
F30200C8,1493524800000,55.00
F30200C8,1493525700000,58.00
F30200C8,1493526600000,44.00
F30200C8,1493527500000,34.00
F30200C8,1493528400000,33.00
F30200C8,1493529300000,57.00
F30200C8,1493530200000,58.00
F30200C8,1493531100000,44.00
F30200C8,1493532000000,33.00
F30200C8,1493532900000,35.00
F30200C8,1493533800000,56.00
F30200C8,1493534700000,57.00
F30200C8,1493535600000,57.00
F30200C8,1493536500000,69.00
F30200C8,1493537400000,58.00
F30200C8,1493538300000,56.00
F30200C8,1493539200000,56.00
F30200C8,1493540100000,57.00
F30200C8,1493541000000,58.00
F30200C8,1493541900000,73.00
F30200C8,1493542800000,303.00
F30200C8,1493543700000,207.00
F30200C8,1493544600000,96.00
F30200C8,1493545500000,58.00
F30200C8,1493546400000,108.00
F30200C8,1493547300000,73.00
F30200C8,1493548200000,114.00
F30200C8,1493549100000,157.00
F30200C8,1493550000000,83.00
F30200C8,1493550900000,70.00
F30200C8,1493551800000,63.00
F30200C8,1493552700000,68.00
F30200C8,1493553600000,168.00
F30200C8,1493554500000,100.00
F30200C8,1493555400000,80.00
F30200C8,1493556300000,65.00
F30200C8,1493557200000,72.00
F30200C8,1493558100000,91.00
F30200C8,1493559000000,314.00
F30200C8,1493559900000,96.00
F30200C8,1493560800000,89.00
F30200C8,1493561700000,81.00
F30200C8,1493562600000,70.00
F30200C8,1493563500000,61.00
